1;0;2;50;
2;0;0;50;
4;0;3;50;
1951274;0;2;5226;
8;0;1;50;
3206186;0;0;20905;
147617;0;0;5684;
3076137;0;3;3334;
3938917;0;0;24251;
17;0;0;50;
3573284;0;0;12897;
1997492;0;3;2466;
18;0;2;50;
563238;0;0;13840;
2470442;0;1;17159;
20;0;1;50;
563237;0;0;40907;
24;0;3;50;
1594474;0;3;27182;
3573288;0;3;22462;
3573290;0;1;279;
4178025;0;3;279;
3083306;0;3;33654;
862245;0;1;14437;
862246;0;0;6422;
2007082;816827123;2;2521313;
3215402;0;1;3319;
1442854;1011491789;0;36919;
3497002;0;0;18776;
1724457;0;0;27742;
365157;0;3;46436;
1933994;0;1;10713;
499749;1323326889;1;34177;
1951338;0;0;22683;
1250858;0;2;674;
3224106;0;1;35488;
3092009;0;2;42693;
2951205;0;2;7069;
2509349;0;2;5319;
2470497;0;3;37003;
607785;0;1;3415;
2816162;0;0;22811;
2678441;0;1;47769;
3829798;0;3;23463;
719526;0;1;36235;
3287142;152118350;2;40408;
970793;0;1;24068;
3215465;0;3;40545;
3068457;0;3;15148;
1958949;0;0;3444;
2807910;-325086608;0;704336;
1239590;0;0;20721;
3336228;0;0;23737;
1724521;0;0;37614;
2461738;0;2;3906;
405153;0;1;32690;
374821;-646966840;0;9474;
3441194;0;2;49;
2517094;0;3;12356;
3441192;0;1;27616;
2457642;-1357637261;0;29619;
3580969;0;2;35278;
2602537;0;0;14915;
504873;0;1;1621;
2603110;-1609148347;2;64690;
1933925;0;0;49161;
1177702;1193503820;0;577625;
2073706;0;3;17915;
1997353;0;1;50996;
3241512;0;3;25401;
1794149;-456357351;0;4818;
1997348;0;1;28172;
4030570;0;2;19843;
26149;0;2;29178;
1577001;0;3;38132;
1491050;0;1;8158;
3588709;0;2;27208;
3674662;0;1;35133;
2115177;0;2;13311;
3232874;0;0;24634;
17449;1999436314;0;38915;
3356324;0;1;2275;
1273961;0;1;9541;
3371625;0;3;9647;
1522794;0;0;2274;
2695781;0;3;2470;
382506;0;3;24609;
382504;0;1;27246;
3060777;0;3;2274;
1143914;0;0;21239;
1250980;0;1;44771;
854689;0;2;38385;
1933862;0;0;2827;
147561;0;2;3906;
885545;0;2;17203;
2921001;0;3;22963;
2687081;0;0;43465;
3926566;0;0;22156;
2019880;2027586346;1;46438;
2757161;369965552;2;21878;
2816038;0;0;23999;
2609189;0;0;5167;
730218;0;2;3906;
2687077;0;3;39202;
3466280;0;3;18445;
3466282;0;3;28219;
2252834;0;2;50122;
3232809;0;2;38478;
1136170;0;3;15689;
4162665;0;2;37615;
1941606;0;3;4817;
2928737;0;3;14436;
970913;0;1;3910;
122533;0;2;50677;
3371560;0;3;2197;
2361893;0;0;16787;
1382948;0;2;15538;
520293;0;3;10706;
598053;0;0;21824;
2721829;0;1;9474;
3642406;0;3;4596913;
1752618;0;0;14090;
2400290;0;2;45396;
303653;0;0;32347;
3986986;0;0;20582;
3986985;0;2;5319;
3293862;0;2;261;
902693;0;2;48790;
2890341;0;2;47347;
1301030;0;0;17853;
632938;0;0;2270;
3114145;0;0;44117;
3994730;0;2;24770;
3086374;531437741;2;37566;
3334697;495858599;1;40878;
2287722;0;2;24905;
3129445;0;1;8537;
4008485;0;0;29430;
4117097;0;3;21383;
365610;-338285505;3;26337;
2166825;0;1;6151;
2166826;0;1;25806;
2019433;0;2;29825;
1880169;-1308526525;1;1309;
481829;0;0;11415;
3557925;0;3;44552;
1460262;0;1;263;
1656360;0;1;43757;
642729;0;2;14109;
2524777;0;0;29825;
3519077;0;2;15760;
1768100;0;3;35287;
2890276;0;2;48160;
3397734;0;0;14917;
1180710;0;3;28600;
4140584;0;3;35080;
1413672;0;2;27616;
2448490;0;1;9012;
3883113;0;1;10613;
3565670;0;2;44251;
2392618;0;3;41193;
225450;0;0;22664;
70245;0;0;18606;
2166889;0;1;58114;
2166890;0;3;40351;
2019369;0;2;28600;
3406372;0;1;45226;
4120104;980307159;3;22897;
910374;0;3;42542;
2626090;0;1;46168;
3542568;0;1;9974;
3876394;0;3;30019;
442469;0;1;31498;
3876392;0;3;26457;
3657829;0;2;2262;
1629286;0;2;33602;
3899429;2038553191;2;38077;
61089;0;1;19844;
2981993;0;1;18607;
2633834;0;1;2274;
2431078;0;0;2197;
772645;0;2;8174;
2889766;1097806865;3;47839;
1646694;0;0;18945;
1431081;0;0;13050;
3666470;0;0;5168;
382761;0;3;26720;
2773673;0;3;13300;
1646689;0;0;22300;
892965;0;3;9469;
1066090;0;2;7151;
2272290;0;2;10285;
1017377;0;0;34493;
34853;0;3;21087;
2626153;0;0;42967;
1767972;0;1;40607;
528489;0;1;20701;
3536424;0;2;17318;
2540069;0;0;38834;
3293797;0;2;51581;
1025066;0;0;24023;
1196137;0;2;50732;
1312805;0;0;9469;
110693;-1383046090;1;14848;
1759334;0;0;30128;
1620649;0;2;17142;
1431146;0;3;9018;
3744294;0;0;42939;
1308836;0;0;35584;
3301410;0;2;42940;
225317;0;1;266;
2287778;0;2;21087;
1364070;879499940;2;11739;
893029;0;1;32509;
893030;0;2;17502;
4025897;0;2;46179;
4025896;0;0;25449;
2050596;0;0;30144;
3977321;0;3;24986;
87589;0;2;42542;
1959530;0;2;10891;
2946665;0;1;15594;
3215914;0;0;34258;
1259046;0;3;4659;
3068009;0;1;9542;
1239141;0;0;47693;
2959398;0;3;23752;
1178276;1303134990;1;49955;
862757;0;2;48;
2080873;0;2;690;
3700262;0;1;48790;
1399850;0;0;2809;
419878;0;3;8896;
2834985;0;0;13565;
1361574;0;0;25600;
2712617;0;3;26185;
1950762;0;3;3906;
841258;0;2;6868;
2175337;0;0;21709;
3328036;0;3;17158;
496678;0;3;540;
3674276;0;2;5684;
2469928;0;2;23447;
1814057;0;0;17853;
1713830;1494210271;3;962606;
1476133;0;0;26673;
1476138;0;2;49590;
373284;0;2;4835;
1118309;0;0;13564;
1959466;0;3;7624;
4192292;-1778379389;1;50;
4178474;0;1;49;
848934;0;3;42542;
971306;0;2;22461;
419942;0;3;24635;
3964600;0;0;49094;
3903016;0;0;38317;
737385;0;3;4448;
3440682;0;0;25370;
505377;0;2;9545;
2602022;0;0;31499;
1725033;0;2;32781;
1399914;0;3;8091;
3682984;0;3;45925;
505385;0;2;1146;
3581480;0;0;17904;
8229;0;2;17504;
1091748;0;3;261;
1950826;0;1;51667;
4186218;0;2;2197;
3938341;0;0;8537;
2842666;0;3;15349;
1408554;0;3;42043;
2429545;-1909293346;2;1770567;
1594921;0;2;21196;
2704937;0;3;6151;
1658981;154244563;2;37055;
2487457;0;1;23113;
427881;0;1;3366;
390818;0;2;22970;
862881;0;3;25075;
1973928;0;3;46537;
3233385;0;1;35381;
3099237;0;3;19914;
2929194;0;1;25447;
3918372;0;0;10082;
1820710;0;2;17947;
1699368;0;1;47609;
2695273;0;1;41491;
381990;0;1;26780;
2617386;0;2;15349;
520745;0;3;2827;
3700388;0;0;41103;
3682917;0;3;32596;
3635362;0;1;25466;
1361450;0;3;21239;
4170857;0;2;15826;
2349729;0;0;2262;
2969130;0;0;26076;
1144358;0;1;588;
3106850;0;3;50;
272421;0;0;2266;
2687529;0;1;17702;
2687530;0;1;42603;
589865;0;1;87370;
2487402;0;2;1390;
3674150;0;1;38659;
396837;0;2;17164;
1491558;0;0;33755;
4163177;0;3;37615;
2219689;0;3;50218;
3233322;0;0;12132;
260774;0;1;35394;
3233320;0;0;38478;
1585193;0;3;20242;
3440801;0;3;20244;
2695210;0;3;79909;
1382434;0;0;2536;
313193;0;0;279;
2695205;0;3;28038;
1709610;0;2;4906;
364712;0;0;44117;
2074154;0;2;8693;
2244709;0;0;17481;
3363433;0;0;21383;
3091618;0;2;5684;
518250;-1483672130;0;28875;
2074149;0;0;2827;
3106918;0;0;34593;
4031016;0;2;4062;
2609705;0;1;5496;
3926054;0;0;10901;
1491498;0;0;18776;
3788328;0;1;49843;
589929;0;1;5313;
1369130;0;2;2465;
2487338;0;1;19112;
390698;0;0;47694;
3717733;0;3;47459;
1620069;0;1;34281;
1413226;0;2;9322;
1664550;0;3;7785;
1785897;0;1;31297;
3883556;0;0;28600;
2651688;0;2;692;
3528356;0;0;10842;
3510885;0;0;22136;
1032294;0;3;2266;
2307114;0;1;8160;
2019945;0;1;38722;
4007973;0;1;6770;
4132392;0;3;40402;
3145769;0;2;6518;
190565;0;3;36887;
2781801;0;3;48;
481382;0;1;25463;
427561;0;3;9530;
2978337;563823295;2;62515;
3642921;0;1;9535;
1545258;0;1;120592;
3518502;0;1;21239;
82021;412150167;0;44132;
2299497;0;0;27245;
95910;0;0;29946;
3137577;0;2;22419;
474785;0;0;344;
1785961;0;1;28598;
1468518;0;2;44251;
3510824;0;1;6772;
3410082;0;1;17306;
3650602;0;2;26671;
554090;0;3;2734;
351330;0;3;40183;
69734;0;2;1444;
1188969;0;3;10284;
594026;-1660294505;0;100802;
1032233;0;2;22137;
2167401;0;1;14961;
3268136;0;0;48683;
2862186;0;2;20104;
1460772;0;2;25074;
3518570;0;1;29907;
2566186;1990709854;3;239319;
4125285;0;2;11826;
2390053;769416303;2;1123241;
4140074;0;1;39870;
2175018;0;1;16935;
3030569;0;1;42325;
772133;0;2;38021;
2773153;0;1;2197;
1453162;0;1;17890;
333926;0;0;2465;
3665962;0;1;9469;
3856422;0;3;344;
3735077;0;1;11850;
536678;0;0;13069;
1468580;0;3;36123;
1016873;0;0;51010;
2576426;-1918842604;2;22675;
3114536;0;3;24635;
4147813;0;1;20088;
4009641;-361378035;2;1531;
2877542;0;3;33990;
1638442;0;0;3331;
2625577;0;3;13841;
2625573;0;0;9470;
1779241;0;3;21824;
442981;0;1;18945;
2539621;0;0;4679;
528929;0;1;2826;
1872485;0;0;17110;
1586729;1687376772;0;22301;
2012266;0;0;16987;
3293221;0;3;26739;
3122281;0;1;3334;
182950;0;0;47010;
4017704;0;0;50996;
1161829;0;2;31515;
333862;0;3;3335;
333860;0;0;33245;
450666;0;2;3338;
2747498;0;3;17156;
3743784;0;1;50;
3550761;0;1;34415;
2869861;0;3;31658;
450661;0;1;12345;
1744552;0;1;2262;
661034;0;2;23602;
3528297;0;0;28944;
3977829;0;0;6146;
2184745;0;0;43466;
2184746;0;3;22684;
2184741;0;3;44665;
4025386;0;0;17966;
1767460;0;3;45990;
2625641;0;2;18758;
2877474;0;3;23603;
2625642;0;0;33336;
529001;0;2;16562;
320550;0;3;23114;
2877478;0;0;24252;
1638501;0;3;15809;
528993;0;0;17109;
3535913;0;2;34104;
2625637;0;2;25321;
3658278;0;1;40777;
1074282;0;3;17715;
2982433;0;1;2266;
3382825;0;2;29213;
2982442;0;2;21239;
2937445;0;1;12617;
839781;0;0;45491;
9770;0;3;22520;
2350186;0;1;24796;
2937449;0;2;15146;
3346474;0;2;39387;
839785;0;0;24136;
1474665;0;2;50049;
1593385;0;0;25439;
1531432;0;3;37715;
1734184;0;3;9492;
1734186;0;2;4914;
3216489;0;2;23113;
2945061;0;2;14914;
1957929;0;0;2197;
121381;0;0;3331;
366114;0;2;344;
280674;0;2;22514;
3496038;0;0;9469;
2601513;0;3;1881;
1384104;0;1;24498;
614501;0;0;252189;
614502;0;0;78105;
3772453;637810257;3;25211;
2712165;0;0;34488;
3346533;0;0;3431;
3346537;0;1;6419;
2937385;0;1;16405;
253482;0;0;9471;
3691113;0;1;10602;
3910182;0;2;22822;
2703465;0;2;29572;
3843177;222073662;0;30969;
2592801;0;3;10907;
2471464;0;0;11686;
848485;0;0;12412;
2945125;0;3;4819;
1257514;0;1;290;
1099874;0;2;16946;
503914;0;0;30385;
1399332;0;0;24941;
2601577;0;2;33985;
366181;0;3;8809;
381602;0;1;279;
694370;0;0;26671;
2712105;0;3;40578;
2072613;0;2;17306;
3240549;0;3;17501;
3346600;0;2;24023;
1142886;0;0;20413;
3240553;0;2;32406;
3955301;0;2;9534;
1934886;0;1;18611;
2486826;0;0;44861;
513572;0;1;4824;
513573;0;2;5729;
513574;0;0;694;
579621;0;0;35584;
395366;0;1;40806;
513570;0;3;3413;
1498218;91965896;1;3414;
2610218;0;1;7785;
513577;0;3;43815;
3813478;0;1;18610;
3675753;0;2;38478;
3556024;69200304;1;21001;
4055720;0;0;9968;
2082470;0;3;23991;
2218146;0;2;48069;
16421;0;0;266;
3215977;986629588;2;51009;
3372584;0;0;34097;
3231785;0;3;19844;
1866276;0;3;22178;
3231784;0;1;31066;
16426;0;2;9544;
4161641;0;0;279;
1223269;0;0;17305;
2478185;0;2;15810;
2478186;0;1;13625;
2696746;0;0;30144;
452458;0;3;303613;
2478181;0;0;2273;
1142821;0;1;9471;
963173;0;0;9659;
2246186;0;1;18611;
4170341;0;2;4819;
148518;0;1;22847;
2332774;0;2;28218;
1998376;0;2;41698;
1142826;0;3;6151;
113770;0;2;48683;
148514;0;3;23593;
579682;0;3;39473;
82025;1691264896;3;48360;
3489321;0;3;4856;
1514021;0;3;14197;
2486889;0;0;25641;
389221;0;1;40181;
3127462;-1101294811;2;28600;
591402;0;3;33990;
2826789;0;1;9965;
1812646;0;3;24771;
1492073;0;0;29944;
2826790;0;3;33244;
729125;0;3;23114;
4161573;0;3;34594;
2884202;-1233424012;2;37866;
4161577;0;2;254;
3636920;0;2;22685;
3182120;0;3;24941;
243749;0;1;14041;
1359913;0;3;5680;
265322;0;1;17890;
2500709;0;3;21383;
3805801;0;2;26994;
2478122;0;1;26672;
521258;0;0;24023;
2618921;0;2;47694;
3597353;0;0;24023;
2500714;0;2;24770;
599146;0;3;26671;
2818149;0;2;40521;
426089;0;0;11041;
2456102;0;0;14675;
2642473;0;3;21989;
3641450;0;2;38020;
1628324;0;0;2266;
641697;0;0;38385;
3892776;0;0;24746;
4108456;0;2;1272;
4125801;0;1;28483;
3277350;0;1;2266;
1904169;0;1;26076;
859234;-2062246223;1;33684;
3840549;0;0;13311;
2650217;0;3;2823;
2609769;1741472714;3;57481;
553573;0;1;14683;
3650086;0;1;12751;
1414698;0;0;51751;
1663077;0;1;21824;
3007014;0;0;18777;
1927332;0;3;29213;
2148901;0;1;6072;
1911914;0;3;27182;
3165736;-268386243;3;33995;
2642529;-1994702013;1;12096;
3848230;0;1;48791;
2642537;0;1;15595;
544873;0;3;37614;
2456165;0;3;17502;
426025;0;2;3439;
2401322;0;2;3906;
426021;0;2;49414;
3752037;0;1;6517;
3641381;0;0;2449;
3848234;0;0;41698;
3520040;0;2;6479;
2782314;0;0;27366;
201313;0;1;13048;
3029098;0;1;18945;
218790;0;0;40778;
2297962;0;0;8159;
1041441;0;0;2827;
2326565;88967860;1;103584;
3139110;0;3;35154;
2447398;0;1;17227;
1469992;0;3;35933;
2447394;0;0;23999;
2447402;0;0;36792;
3526824;0;2;3906;
1414762;0;2;16393;
909413;0;3;14196;
3285029;0;1;33976;
1897061;0;2;4899;
3993706;0;0;26671;
4009513;0;3;40402;
4009512;0;0;15885;
3007081;0;0;11599;
1769001;0;3;31550;
1562150;0;3;50264;
343146;0;0;15392;
2738213;0;0;1449;
3494568;1279214514;3;44204;
1777765;0;2;20400;
2541098;0;0;20700;
2416677;0;1;24056;
1562154;0;1;23096;
1628202;0;3;14110;
3121701;0;1;12619;
94305;0;0;17224;
2514981;2096205104;3;16921;
4108326;0;3;42784;
94309;0;0;19913;
3970600;0;3;28171;
2906725;0;2;26559;
4108329;0;3;50346;
3259946;0;0;24941;
3294821;0;1;17227;
3121705;0;0;34958;
1430122;0;0;37504;
1569897;0;0;2197;
2757158;0;3;24296;
659493;0;3;2542;
3888682;1852674616;0;38913;
3113061;0;0;47497;
909482;0;1;34571;
2003046;0;3;228;
941094;0;2;36374;
3978346;0;3;24770;
2003049;0;3;47435;
4024869;0;0;37111;
2051626;0;1;3415;
1927205;0;3;131020;
3113065;0;3;42568;
781418;0;0;20412;
3541540;0;3;39692;
3541542;0;2;21129;
2562086;0;3;389884;
3641512;0;1;50194;
2562090;0;3;16990;
1562218;0;3;11130;
2541162;0;0;17203;
2191909;0;3;40670;
3121765;0;3;45386;
1197097;0;3;47375;
2906657;0;0;21130;
2263653;0;0;14912;
4156968;0;0;4386;
808998;0;3;21086;
4108393;0;3;49634;
2548773;0;0;12105;
649253;0;0;21712;
649254;0;3;7151;
2409002;0;0;20402;
3667494;0;2;38386;
3526698;0;3;3906;
3526693;0;3;33990;
3328613;-136827891;0;50121;
452138;0;3;22461;
1016361;0;0;43327;
4100648;0;3;46424;
2002986;0;2;2812;
2975909;0;3;37397;
139365;0;3;10907;
3068969;0;0;26672;
3354729;0;1;15147;
972326;0;0;27247;
3337768;0;1;43246;
1100326;0;0;14918;
2791462;0;1;1449;
2601002;0;0;47523;
1345062;0;2;26458;
3699297;0;0;39932;
2711653;0;3;36615;
2463272;0;2;31894;
2600997;0;0;6767;
2212453;-1954185112;2;3842;
2463274;0;2;25448;
1398890;0;1;17890;
1949797;0;0;25438;
4047461;0;0;22399;
287269;-1061136524;0;10434;
129637;0;0;27606;
2952745;0;0;16081;
3628584;0;2;16616;
3690537;0;1;23114;
3504166;0;3;12356;
4079272;-529262423;3;50427;
702562;0;0;6515;
3909734;0;3;3435;
1475177;0;0;47261;
2386469;0;0;286;
3184170;182078893;1;4555;
1492646;0;1;40643;
495713;0;2;12103;
1352810;0;3;9468;
2843690;0;1;15347;
3787428;0;2;1445;
580262;0;0;38999;
2081898;0;3;29176;
1958501;0;1;14240;
139301;0;0;2272;
1958506;0;3;2823;
1570;0;2;11686;
1972773;0;1;2262;
2478754;0;0;14443;
1601577;0;1;2541;
1398822;0;1;8894;
2711590;0;0;14116;
3441770;0;2;50913;
3760422;0;1;14116;
2601057;0;2;6150;
3580517;0;3;28236;
3364516;0;1;42747;
2226218;0;0;26720;
1128042;0;3;9972;
1949733;0;1;33434;
4047397;0;3;3443;
4187177;0;0;23294;
2090538;0;1;20581;
3347049;0;3;2262;
1011361;0;1;44117;
2936874;0;1;3331;
1249385;0;3;16765;
3571753;0;2;7152;
1223722;-677042588;1;12983;
606313;0;2;357;
1475112;0;3;25323;
4095672;0;3;623;
3690602;0;0;24608;
1530986;0;0;34391;
495658;0;0;14109;
3690601;0;2;28770;
3504230;0;0;24053;
495653;0;1;2241;
3504234;0;1;17501;
606305;0;3;24295;
288874;0;0;30385;
1475108;0;0;31999;
3051621;0;2;14912;
105570;0;1;13309;
120994;0;2;27850;
2064485;0;0;31549;
2975782;0;3;45036;
2358434;0;0;2470;
3051626;0;0;2761;
3232296;0;0;20928;
2478697;0;3;20400;
3481128;0;2;36902;
381033;0;0;75616;
2478693;0;0;60322;
1360485;0;3;5318;
3760808;1744839423;3;12653;
24682;0;2;9470;
4169768;0;0;11143;
3240041;0;2;27724;
3060265;0;2;32523;
3060266;0;3;96915;
3954789;0;3;6517;
2333221;0;0;10605;
824869;0;0;204640;
1368106;0;1;4830;
1153700;-1336792679;0;19844;
2610729;0;3;14951;
2486309;0;2;29597;
2492522;0;0;35153;
4162085;0;0;40748;
4058664;-455193236;3;29786;
1865834;0;0;30842;
3232357;0;2;47693;
954921;0;1;49590;
3232361;0;2;3846;
3457574;-81743528;2;6051;
1134698;0;2;32452;
2975846;0;1;45989;
4039717;0;2;278;
4024678;0;2;24606;
2113641;0;3;33123;
2478633;0;3;6772;
2478634;0;0;22152;
3805290;0;0;36715;
3948216;0;2;21627;
3919402;0;1;27247;
3295590;1313036429;0;26720;
2696298;0;0;29176;
2818661;0;1;46339;
3794986;0;2;2270;
3597864;0;3;17318;
521770;0;1;51936;
1398948;0;0;5684;
1726116;0;2;29946;
962662;0;1;8541;
3239973;0;1;17306;
235626;0;0;2197;
3813930;0;2;13564;
1513510;0;3;14048;
2688545;0;1;23867;
3611174;0;1;5683;
2486377;0;3;30128;
2417513;0;2;21710;
2826281;0;0;28944;
1689702;0;0;15149;
1492585;0;3;47607;
3813926;0;3;40409;
1578536;0;3;34656;
2486373;0;1;22961;
296486;0;3;50427;
755750;0;2;2541;
2531882;0;0;23603;
1469546;0;2;7785;
434213;0;2;10613;
553061;0;0;21383;
3649573;0;2;3335;
3130922;0;0;28484;
2306149;0;1;9542;
2168425;0;0;34963;
1314854;706737076;2;7460652;
2020902;0;2;50427;
3020898;0;1;15149;
2148389;0;1;17226;
2641961;0;0;20090;
1751142;0;0;40381;
1654825;0;2;27811;
3435046;0;3;28254;
4184230;340439837;2;48329;
3659428;0;0;46301;
3343978;323511815;2;47445;
59498;0;1;16933;
3155498;0;3;32000;
901221;0;0;34964;
3276841;0;2;8167;
4139045;0;3;24632;
2731114;0;3;140914;
1663529;0;2;12350;
3567144;0;1;37818;
3840102;0;3;34567;
2531937;0;3;16766;
3527336;0;3;279;
677418;0;1;21239;
3045989;232980501;1;11684;
1050154;0;2;12623;
3285546;0;2;2747;
4131364;0;3;18420;
1912360;0;1;2122;
4009002;0;2;17246;
3994217;0;3;9333;
1896554;0;1;2239;
36513;0;2;45207;
2861094;0;2;37913;
1544234;0;2;2392;
2642026;0;2;35186;
3519526;0;2;9470;
1544229;0;3;2789;
3741225;290832662;2;38370;
3519530;0;0;9470;
2861098;0;1;38581;
3752549;0;2;9534;
482402;0;1;22514;
3985445;0;2;21385;
1197736;0;3;9471;
2745450;-1128725087;2;10172;
3274789;0;1;29176;
200809;0;1;38911;
3985450;0;1;2810;
2298473;0;0;2262;
1888810;0;3;3415;
2906282;0;3;19293;
3734117;0;0;31657;
2756649;0;2;27743;
1429605;0;3;25365;
2884138;-1549242740;0;4507;
3527269;0;0;12984;
2635305;0;0;31551;
2408549;0;2;3470;
226858;0;2;47608;
2336297;-456414958;0;12786;
3113573;0;1;33587;
2183721;0;3;57817;
2914853;0;3;22461;
443941;0;0;26673;
641061;0;0;14438;
3541094;0;0;27847;
464998;0;1;38202;
1561641;0;1;26671;
443946;0;0;18776;
2191461;0;2;23983;
3121189;0;0;36716;
909929;1947197414;0;13316503;
3170921;0;3;9469;
3121193;0;1;39679;
949354;0;3;16987;
3527208;0;0;12884;
1429546;0;1;4384;
4124777;-1495419961;2;776422;
491169;0;3;49;
451626;0;1;1005;
350370;0;0;31298;
2570346;0;2;36319;
3303017;0;2;23293;
817258;0;3;16248;
1015849;0;1;41988;
1768554;0;1;3505;
3541029;0;1;18104;
1970281;1803695220;2;32064;
1178292;0;3;49;
1444388;0;1;17853;
2417257;0;1;21237;
1778213;0;0;9470;
319589;0;3;6770;
2191397;0;0;23984;
2606122;-2112971614;3;33807;
1284198;0;1;14906;
3046953;0;2;35080;
2906150;0;3;13839;
4108905;0;2;30491;
3121257;0;3;62355;
3609640;0;3;26700;
3924581;0;1;2262;
3909284;0;0;262;
394282;0;2;18776;
2367525;0;0;2266;
1826921;0;0;4898;
270890;0;3;17205;
2491941;0;0;278;
3609637;0;1;278;
3486248;0;2;17205;
1719850;0;3;50739;
3243561;0;1;40509;
3954214;0;3;693;
3364902;0;3;16990;
3954216;0;2;44149;
3364906;0;0;2270;
3243553;0;3;9535;
2359905;0;1;28037;
3598374;0;0;35920;
3460649;0;2;40476;
2806313;0;1;18776;
3318822;0;0;42542;
1986665;0;3;19275;
143009;0;1;19635;
2845349;0;3;47376;
1689130;0;3;3319;
747682;0;1;31298;
2813990;0;0;23874;
1388650;0;2;19843;
1388649;0;2;2265;
2489896;0;1;22969;
3676773;0;1;26313;
2611237;0;0;9469;
732266;0;1;33989;
3590692;0;0;33756;
1826858;0;1;3331;
2923045;0;1;6150;
3364966;0;3;2273;
4173354;0;3;2274;
4173352;0;3;32397;
3186725;0;0;2197;
402986;0;3;47340;
1520681;0;3;11686;
262186;0;0;2535;
1986600;0;1;45227;
2254885;0;3;23446;
2117162;0;3;33860;
3011690;-1423983870;3;110918;
1503273;230852309;0;19914;
561189;0;1;18446;
1392170;335121139;0;3647;
701990;0;2;7785;
3625065;0;0;2257;
3831910;0;1;19462;
561193;0;0;23447;
1596522;0;0;31993;
3450917;0;2;7151;
3243704;0;2;15322;
409705;0;2;32101;
1839209;0;3;24019;
28321;0;0;33138;
3936873;0;2;41292;
4019817;1402565125;1;32757;
1839210;0;3;25806;
3105442;0;2;30354;
2066469;-1634028164;2;27413;
2091046;0;1;14116;
4049958;0;2;48243;
3788905;-775904044;3;28815;
1839206;0;0;43;
3598502;0;3;40353;
3494954;0;2;25518;
506986;0;1;17890;
1605160;0;3;37616;
3633704;0;3;3415;
2715177;0;1;32631;
258154;0;2;33755;
3944490;0;2;2193;
2396713;1687461718;2;15881;
2957862;0;1;4126;
1098858;0;0;21085;
258150;0;1;1629;
2957858;0;0;26673;
561253;0;3;10906;
1811561;0;0;15825;
2658921;0;3;23865;
561257;0;2;24022;
1228905;0;2;40351;
2949162;0;1;26721;
2091110;0;1;9469;
3226150;0;1;9391;
992289;0;0;17306;
4076585;0;3;28945;
2347109;0;1;2262;
1979946;0;3;3906;
3326565;0;1;43245;
3808936;0;2;123016;
1381032;0;2;9494;
1536101;0;1;7483;
3633765;0;3;4383;
3900457;0;2;51010;
2666538;0;1;26739;
2463782;0;0;1449;
693286;0;2;33244;
2239594;0;2;21398;
258090;0;0;288;
2355754;0;0;17909;
2311722;-1039577488;0;23757;
1971305;0;1;2197;
860261;0;1;50250;
860262;0;1;83967;
1098794;0;0;287;
648234;192269044;1;130730;
1076776;0;2;32286;
4111466;0;1;17915;
3256933;0;2;46997;
2316330;0;2;2270;
1159269;0;1;690;
4015145;0;0;30386;
1918506;0;1;5577;
3191338;584517093;0;16060;
778346;0;3;47811;
2419818;0;2;1388;
530469;0;1;36732;
3979300;0;0;1450;
938089;0;3;5680;
2186346;0;0;9661;
3248165;0;3;34531;
3035749;0;0;4898;
952362;-1527557545;1;181204;
2867242;0;2;50;
378409;-1708252045;2;21154;
97386;0;3;48683;
2316389;0;1;3335;
1198181;0;1;38580;
2056293;0;3;2822;
1283626;0;0;11184;
1159205;0;1;14109;
3256870;0;3;27882;
3540585;0;3;9138;
3862566;0;1;23874;
1563172;0;2;27071;
1780842;0;1;39114;
2006122;0;2;16029;
938025;0;1;36752;
2953257;-389964340;2;2905;
3010209;0;0;32599;
1206821;0;2;19792;
3303461;0;0;44861;
2160161;611260454;2;96574;
920102;685620481;2;94831;
4023848;0;2;20242;
3035681;0;0;9649;
3131554;0;2;40794;
2006118;0;2;20104;
3408422;0;2;2463;
3548201;0;0;38479;
464933;247328742;0;2284562;
2569770;0;0;19141;
332330;0;0;15147;
1757289;0;0;9542;
1310762;0;3;17306;
2030116;0;1;39413;
2888297;0;1;37031;
4126758;0;2;36433;
1042470;0;1;14109;
904745;0;1;14196;
1901157;0;3;17225;
2888289;0;3;39202;
530594;0;3;33964;
1609768;0;1;24023;
1458281;0;0;45486;
799273;0;3;32;
2982438;48219877;1;652620;
651365;-1509946007;2;6238;
1306730;0;2;8541;
1802857;-32844871;1;54570;
2033194;0;3;2827;
1908773;0;1;14197;
1169001;0;0;13311;
3020329;0;0;76615;
3425834;0;0;7153;
349738;0;1;24745;
1741930;0;2;279;
2446378;0;1;3906;
349734;0;0;40219;
487465;0;3;2734;
630889;0;2;48;
2394725;0;2;17946;
3763752;0;3;17108;
1059366;0;0;15593;
3280426;0;1;48927;
2888233;0;1;18053;
790569;0;0;50049;
2277989;0;0;47436;
2455082;0;2;12873;
2719845;0;2;26919;
3707497;0;3;16402;
1034790;0;3;17948;
3131429;0;3;15393;
2168933;0;1;34280;
3404326;0;1;13795;
1168938;0;1;28716;
2147882;0;1;14901;
3165864;0;0;36034;
487525;0;2;7787;
1466981;0;3;48;
630821;0;3;18498;
3937322;-1930290964;2;19254;
1773224;0;3;9471;
1382502;-1079244272;2;22083;
3425893;0;0;47435;
630826;0;1;2197;
2728489;0;2;25439;
3512357;0;0;29573;
3653160;0;2;24068;
1818662;0;2;3632;
370213;1239548741;3;47730;
2684458;0;0;4058;
3617898;0;1;31994;
3495588;0;0;15385;
586790;0;2;9472;
1818665;0;2;26739;
1363498;0;2;27184;
4083818;0;0;255;
3702456;0;1;47461;
4152869;-1907017973;0;177937;
157797;0;1;36224;
1261224;0;1;22970;
1864810;0;2;15393;
3908773;0;0;24023;
1579561;0;1;37715;
3610152;0;1;38414;
210466;-967429873;1;294794;
3816997;0;3;278;
2368033;0;1;13311;
3239465;298952183;3;33982;
1579556;0;3;14674;
591909;0;0;40409;
1267750;0;0;14442;
3617834;0;1;8160;
3794025;0;2;30128;
2697254;0;0;42940;
507553;0;0;12390;
1818729;0;3;25491;
402466;0;3;24023;
3478056;0;2;17503;
2255397;0;1;4899;
157733;0;2;20792;
3373098;0;3;50914;
1597096;0;0;33995;
1512554;0;1;28599;
2412074;-1626698805;2;14331;
1633386;502322413;1;2881;
3590181;0;2;24631;
1371178;0;0;16401;
3468840;0;2;26917;
2829418;0;3;31994;
3468842;0;0;41593;
3310629;0;2;125764;
4172842;0;0;20104;
1267814;0;3;22514;
1213986;0;0;23744;
4092521;0;3;2823;
1857130;0;3;17265;
3823658;0;1;48789;
3495464;0;3;27459;
280106;0;3;15149;
3901033;0;3;4383;
2481825;0;0;11144;
2363942;1045173304;1;27675;
739366;0;0;18445;
2957353;0;0;613;
3081761;0;2;45687;
3945002;0;1;33749;
2957346;0;3;23874;
1971754;0;1;7469;
3081770;0;1;46536;
1099369;0;1;9535;
2658341;0;2;8537;
3503210;0;3;2191;
732833;0;0;24155;
4050472;0;1;48683;
852073;0;2;60549;
1857192;0;3;14197;
3936362;0;1;27742;
3936361;0;3;39880;
1857188;0;0;49590;
2225194;0;1;28218;
3325989;0;1;29944;
3089513;0;0;38478;
3089514;0;3;13830;
2376810;0;0;50;
417893;0;0;21869;
2790442;0;3;46838;
2667050;0;1;29909;
3633257;0;1;48;
2515561;0;1;22300;
3583529;0;2;37976;
3945065;0;0;44329;
119846;0;2;19288;
3218021;0;1;46338;
4180517;0;3;9535;
4058154;0;2;9662;
984170;0;3;27849;
3334692;0;2;38479;
3945061;0;3;46646;
2381861;1672148000;3;42994;
3235497;0;0;28350;
3969129;612135894;3;131606;
2844714;0;3;22515;
3503146;0;1;2275;
1596969;0;1;45801;
561769;0;1;16402;
1734694;0;2;8896;
392865;0;1;11851;
1671273;0;3;13195;
287782;0;2;5317;
2706986;0;3;35497;
2506793;0;1;4359;
3936296;0;1;16251;
992810;0;1;21300;
4172968;0;3;2274;
2922658;0;1;45596;
852005;0;0;40383;
2949666;0;1;2465;
1523813;-1153648670;0;1607386;
1206374;0;3;25464;
173096;0;3;29213;
3117610;-622178324;1;45163;
1187496;874072015;3;70239;
923302;0;3;37679;
331878;0;3;3333;
331882;0;2;16934;
2867753;0;0;24496;
3380837;0;0;9469;
946218;0;1;180920;
3124330;0;2;26698;
3220585;2036068527;0;38418;
41061;0;2;27868;
808490;0;1;8897;
946213;0;3;7784;
3139746;0;0;30720;
3645096;0;1;6074;
3724393;0;0;23114;
1839721;-2028583163;2;25153;
3538026;0;0;17501;
3877930;0;3;16249;
2048042;0;0;9543;
2913830;0;3;9471;
264741;43722464;0;5731;
4023337;0;0;41103;
33381;0;2;34832;
770145;0;2;34280;
1649190;0;1;15373;
770153;0;3;19096;
452709;0;2;31515;
452706;0;0;24939;
2429481;0;0;14674;
3668069;0;2;2266;
1757801;0;2;7275;
219242;0;0;17890;
463978;0;3;2912;
3724329;0;3;29945;
1765414;0;3;3906;
444966;0;3;722;
3738213;0;0;16989;
1441322;0;2;45591;
879205;935850907;1;537618;
2286177;0;3;2266;
3266154;0;3;23592;
4130345;0;1;51806;
1034346;0;2;16769;
1190950;0;1;17504;
1757866;0;2;17910;
2584613;0;3;6767;
3839082;0;2;15393;
2728041;0;3;19630;
3763242;0;2;23601;
3715689;0;2;16019;
349222;0;0;8543;
315041;0;1;5803;
3139621;0;2;2266;
3139622;0;3;27615;
3813929;1954891460;2;35285;
4001320;976749031;3;38181;
3396137;0;1;16404;
3273768;0;2;18445;
203874;0;0;27848;
1640614;0;1;689;
2561706;0;1;11546;
3403818;0;2;2217;
2896489;0;0;17701;
1034277;0;0;23736;
3131941;0;1;5714;
2286118;0;0;3437;
2147370;0;2;24054;
2032744;0;1;26671;
3009570;0;0;10285;
3019882;0;0;11273;
2286114;0;3;14109;
2324646;0;2;21086;
2683425;-1446471783;2;10492;
3763302;0;0;17891;
2727970;0;1;11303;
1742377;0;3;32058;
2584681;0;2;20588;
1617961;0;0;2488;
174186;2016619355;2;115697;
930854;0;2;45756;
3396201;0;2;21237;
3058214;235624532;2;44771;
2029670;0;2;36432;
3139686;0;3;9469;
3826794;-1303048542;2;20639;
2277481;0;2;21086;
3058794;-284547008;3;15393;
4138025;0;1;26185;
2277477;0;3;9768;
2720357;0;0;29572;
419370;-1038905494;1;35773;
479269;0;0;690;
479273;0;0;17227;
4174378;462820194;2;112852;
479274;0;3;2216;
3755562;0;0;28350;
4112056;0;1;25685;
2490981;0;3;17110;
393321;0;1;17585;
3784745;0;0;23097;
393322;0;2;32596;
2071204;685322855;3;5749;
3608681;0;3;2468;
577577;0;0;22419;
1458213;32170359;2;327434;
2330666;0;1;3442;
1144934;0;0;24634;
3953257;0;3;9466;
3227304;0;1;44024;
1855589;0;0;25009;
2310826;1115281894;1;24006;
3953253;0;0;13049;
3187753;0;0;278;
1008746;0;0;3906;
3310117;0;3;21823;
3310116;0;0;2266;
2790057;0;0;46647;
3478568;0;1;38021;
2603681;0;0;9471;
368289;0;2;51881;
2498602;0;0;40748;
2820133;0;3;17111;
2682986;0;3;31607;
1588778;0;2;13397;
1519658;0;0;18777;
3617320;0;0;22285;
159274;0;0;37818;
2339433;0;0;9468;
3374633;0;0;31538;
3233829;0;3;30842;
1221221;0;2;14108;
3574436;0;3;23738;
1632806;-785578265;3;88011;
271914;0;3;8897;
1718825;0;0;31659;
3608614;0;1;50;
2675305;0;1;20699;
1718820;0;2;33268;
2828838;0;0;22156;
731173;0;3;24907;
111718;0;3;9468;
3061862;0;0;9469;
868902;0;3;2270;
1212517;0;1;6101;
1144874;0;1;2256;
2714277;0;3;11687;
4182568;-1001507690;1;88290;
402021;0;1;1226;
3793446;0;3;45179;
3700900;0;1;42877;
601186;0;0;42182;
3494056;0;2;31298;
1519721;0;2;48;
709670;0;1;47894;
2480166;0;3;2266;
1502760;0;0;37407;
2360933;0;1;17227;
3054118;0;0;6073;
2339369;0;1;7492;
3054117;0;1;4898;
536225;-2076782956;3;24311;
2974313;0;0;40576;
3180074;0;2;45909;
876645;0;3;20512;
1001066;0;3;45198;
3180072;0;1;6188;
103978;0;0;18920;
2339366;0;3;38102;
1810533;0;3;17502;
3908197;0;3;33202;
1529384;0;2;37900;
1404970;0;1;2465;
1595428;0;1;33245;
1476710;0;0;50121;
2705445;0;2;35153;
1889830;-1096498583;3;3603;
234153;0;1;14442;
127077;0;1;12346;
2224741;0;0;28715;
3937832;0;1;30480;
616554;0;3;29176;
3899425;0;0;22137;
3581986;0;2;49563;
3493994;0;1;46924;
2789929;0;1;50207;
3581989;0;0;19843;
2947110;0;1;10285;
2215978;0;0;40352;
1259622;0;3;16988;
1097770;0;2;53;
141925;0;3;3336;
3335210;0;0;935;
2215969;0;0;19419;
3335209;0;0;23294;
983654;0;0;24055;
3080293;0;1;2665;
3608744;0;1;26700;
1405029;0;0;29524;
2797606;0;1;11698;
1595498;0;3;19287;
3908134;0;2;38386;
410729;0;2;30386;
2383973;0;2;2270;
1810473;0;1;8537;
748650;0;3;33337;
3574308;0;2;17158;
1355304;0;1;50996;
498212;0;3;38214;
133221;0;3;4950;
4189736;0;0;29077;
3088993;0;0;31998;
3953320;0;2;50759;
1996454;0;1;17814;
692325;0;2;9542;
3493925;0;0;10613;
3634729;0;0;110704;
2789989;0;3;7151;
1362084;0;1;38385;
1502888;0;1;9494;
2516009;0;0;23294;
3582054;0;1;16563;
2603621;0;3;11141;
692330;0;2;2197;
2789993;0;3;21383;
861222;0;0;45;
3218474;0;1;36135;
2216042;0;0;40352;
1970217;0;2;19275;
1848874;0;0;1933;
983590;0;3;4123;
163882;0;2;278;
2176554;-598518765;2;42183;
2904681;0;3;38722;
947813;0;1;4828;
807017;0;0;23528;
4110372;0;0;25807;
4110378;0;1;24941;
807013;0;0;21987;
1060520;0;2;22684;
1766954;0;2;4385;
1441897;0;1;39855;
2560106;0;0;18445;
463465;0;2;4827;
1439782;0;1;17157;
2766950;0;1;15392;
1207848;0;1;37604;
1067046;0;0;17111;
3036710;0;3;38386;
2410598;-1908077767;0;16562;
2005094;0;3;17946;
88613;0;3;29430;
3264680;0;1;6775;
2269285;0;0;7151;
3132585;0;0;23116;
2049576;0;3;51244;
3855977;0;0;13049;
3731557;0;2;4899;
3731558;0;3;3436;
2868330;0;3;27849;
647269;0;3;15808;
647272;0;3;38101;
1772068;0;0;47263;
3731561;0;1;14683;
806954;0;2;15348;
3022505;1953754918;0;31016;
806953;0;2;39451;
3123813;0;3;2471;
2985066;0;1;49740;
163941;0;1;31764;
806949;0;0;30008;
779370;0;2;6048;
2438698;0;0;13037;
1626213;0;2;252;
1064997;1088524385;3;30153;
3723877;0;1;2262;
3723881;0;3;6031;
341030;0;3;6051;
1626218;0;0;33336;
2736233;0;3;27181;
228458;0;0;27849;
1152549;0;1;118387;
2185317;0;3;20711;
3387945;0;3;19792;
4153377;-620732927;2;42603;
1018406;0;1;14442;
4022885;0;2;14672;
4128936;0;2;24771;
2897057;0;2;34731;
4146282;0;1;4819;
4022881;0;3;39932;
1152552;0;3;19291;
1152554;0;3;17688;
348842;0;0;11687;
647201;0;2;2262;
1148010;-249279072;1;10775;
1432100;0;0;2827;
1634858;0;0;20901;
3528741;0;2;1450;
1571882;0;2;43320;
2411044;0;0;19938;
2050085;1721864902;0;43208;
2411045;0;2;48;
661602;0;0;30128;
1890405;0;0;25438;
2299942;0;2;26672;
203301;0;3;10605;
3279397;0;2;34846;
3938090;0;1;32000;
1678438;-1573313050;2;8089;
779425;0;0;24023;
1459238;0;0;49589;
3894825;0;1;45048;
3894824;0;1;27071;
2049702;0;0;21421;
49189;0;0;1450;
3019365;0;1;12882;
488554;0;3;9139;
3652134;0;2;16565;
2445418;0;0;43348;
436774;0;0;16564;
3886186;0;0;4819;
1300006;0;2;28350;
1890342;0;1;21041;
2031146;0;3;27502;
2154530;0;3;47908;
2889321;0;0;13564;
3846182;0;2;23128;
1610794;0;3;22301;
1335909;0;0;10874;
3643429;0;2;13839;
2644581;0;1;11440;
3846185;0;0;33749;
3643430;0;2;16169;
3669688;0;2;22462;
1167977;0;3;28944;
1152676;0;1;17307;
2169894;0;2;17504;
1428069;-1891459107;0;27555;
3019301;0;1;9964;
4007464;0;2;11415;
3856036;0;1;3957;
2445349;0;2;14914;
488489;0;1;2843;
2850917;0;3;37085;
2533477;0;1;39856;
3838569;0;2;24495;
2445354;0;0;11143;
348712;0;1;2536;
1554534;0;3;2272;
1696357;0;2;27449;
401445;0;1;17306;
2480741;0;0;2871;
3479077;0;2;2827;
383074;0;3;30841;
2499114;0;2;25447;
2820645;0;2;15596;
3961384;0;1;21239;
2338922;0;2;24629;
3098145;0;3;44775;
2273897;-1963955493;3;47457;
3168932;-1398779982;2;4863;
2201194;0;3;23096;
271466;0;0;50914;
1494565;0;3;48790;
3626660;0;0;38492;
1511526;0;1;2272;
1687593;0;0;18421;
2490474;0;0;34392;
2828389;0;2;33015;
3952745;0;1;8537;
4171814;0;1;50;
4171812;0;3;14914;
868457;0;2;24906;
3309605;0;0;30842;
292390;1731418699;1;322913;
2698346;0;0;20261;
383014;0;1;687;
383013;0;3;33990;
2973802;0;0;9470;
1945128;0;0;47694;
4041770;0;3;16989;
1082918;0;1;25405;
3053606;0;3;10285;
3961449;0;3;2266;
1863786;0;1;17156;
2338858;0;1;44116;
158818;0;1;8540;
3961445;0;1;3431;
2958497;0;0;2197;
1277993;-1267322544;3;169329;
2973797;0;0;13311;
3318308;0;3;24055;
1082922;0;0;21951;
1511461;0;1;9469;
3609126;0;2;16113;
578149;0;1;21362;
3925097;0;0;36423;
1687657;0;1;7003;
1511464;0;3;41890;
1856040;0;0;7700;
2208874;0;1;20413;
4093482;0;0;36729;
4093480;0;1;16393;
1009194;0;2;29213;
842401;0;2;50428;
1396837;0;3;15810;
3494501;0;2;7151;
2516585;0;0;35704;
1802277;0;3;41987;
279141;0;2;3441;
2375785;0;0;9541;
1802281;0;2;36928;
2789418;0;2;44116;
1396841;0;2;279;
601761;0;2;33350;
692777;0;0;40574;
2603046;0;0;20243;
983145;0;1;40401;
1300010;-303557975;0;8212;
849957;0;1;50;
3946089;0;1;26076;
3234469;0;3;24498;
3335720;0;1;24118;
3626538;0;3;12625;
3534954;-1571724197;2;113702;
3626533;0;0;10255;
2798185;0;0;28335;
2950689;0;1;27788;
2224233;0;0;19913;
3598370;183051106;0;79436;
2950698;0;1;17805;
3777641;0;2;25676;
1802341;0;0;2786;
3701289;0;0;48487;
1537577;0;0;2560;
489257;0;1;50265;
2603114;0;1;34103;
1396776;0;3;38021;
489253;0;0;2155;
506469;0;1;11414;
3494440;0;0;9649;
1603620;0;1;8895;
2713638;0;2;49246;
1802345;0;0;18398;
2713637;0;2;31055;
4067368;0;0;40383;
118889;0;0;34661;
4129574;0;2;7492;
861738;0;3;20239;
4067365;0;1;2256;
1639970;616898221;0;9139;
3769898;0;0;22684;
3769896;0;3;2274;
2595366;0;2;32598;
3502186;0;0;8159;
1477156;0;2;39311;
1978473;0;1;15122;
2938917;0;2;25465;
4076137;0;0;25464;
1978474;0;0;16248;
4049444;0;1;48092;
3327018;0;0;60217;
4093606;0;3;3416;
991841;0;3;2823;
939558;0;3;29946;
4102246;0;3;6775;
3305000;0;1;42465;
1207338;0;1;36445;
4146728;0;0;22463;
3547686;0;2;279;
3547685;0;0;31054;
1312298;0;2;2261;
2758698;0;0;20589;
3732069;0;0;30938;
2750506;207388714;1;48683;
2758694;0;0;25465;
298657;0;0;814;
1634409;0;1;13178;
2410597;0;2;4819;
3972138;0;0;15592;
2904169;0;3;28599;
1075302;0;2;29945;
3123238;0;2;24252;
2139685;0;0;2827;
1917029;0;0;17865;
164389;0;3;42968;
4154473;0;3;38478;
2648677;-523204654;0;247;
2904165;0;0;3432;
3379748;0;0;33551;
1459878;0;0;36650;
2438250;0;0;28599;
462949;0;0;13311;
357034;0;2;21693;
1626665;0;1;12884;
3661353;0;1;636;
3536932;0;2;7151;
639018;0;2;15348;
3539049;0;3;16257;
2419238;0;3;18611;
321573;0;2;7151;
1442409;0;0;17377;
639017;0;2;12936;
1780326;0;2;24783;
4022377;0;3;2266;
88162;0;1;19287;
1017893;0;3;32901;
815210;0;1;40746;
2912873;0;2;2266;
4007076;0;1;2197;
983466;0;1;23489;
679593;0;2;37507;
1758762;0;0;22805;
471653;0;0;14683;
1971746;-354071509;0;46575;
313894;0;1;28489;
1431589;0;3;33990;
1758758;0;0;45801;
1711272;-202212945;2;93991;
1075238;0;3;22419;
2904104;0;2;13841;
3397284;0;2;4721;
2904101;0;0;2197;
2013290;0;3;26402;
4154409;0;1;28600;
2438186;0;3;16251;
1563750;0;1;8894;
2200165;1749797168;1;26493;
3876901;0;1;23447;
2560554;0;2;2823;
2766886;573208433;0;39151;
799842;0;2;8540;
2146346;0;0;16947;
3018858;0;2;49;
72810;0;3;34103;
2308198;0;3;22807;
341098;-98034753;0;50399;
2146341;0;1;39856;
2031717;0;1;41291;
2287146;0;0;24000;
2758821;0;1;261;
348261;0;1;16391;
753701;0;1;47375;
753705;0;3;45990;
2533925;0;1;14196;
3424361;0;2;8538;
1665637;0;3;2266;
2851369;0;3;9470;
3762278;0;2;24629;
1554981;0;2;6073;
410662;-643620222;3;42598;
3651622;0;3;17333;
3513897;0;1;51880;
1933349;267090966;1;29378;
3513896;0;2;38020;
348265;0;1;2256;
3651620;0;3;25466;
2155114;0;2;32630;
2040360;0;0;9649;
2663977;24421660;2;23826;
3272809;0;3;32509;
3027498;0;3;26184;
2030698;0;0;13841;
3123362;0;1;24771;
2577962;0;3;41989;
356900;0;3;14108;
3537060;0;1;21087;
1546346;0;3;26698;
3846757;0;1;9660;
2577961;0;0;9492;
3432997;0;1;15347;
2859109;0;3;31243;
428645;0;1;22417;
446113;0;1;13752;
1167465;0;2;253;
3018794;0;1;23447;
3265129;0;0;23176;
3018793;0;1;10284;
911973;0;3;275324;
1035370;0;0;29176;
1910314;0;0;11085;
2146405;0;0;31187;
2897450;0;1;4855;
753765;0;2;21037;
1537833;0;1;9727;
1416294;0;1;18445;
3838057;0;2;25669;
3651686;0;1;13839;
4128805;-1094224470;3;14208;
1741417;0;0;19463;
348200;0;0;33749;
488997;0;1;6993191;
1327658;0;0;4384;
57381;0;0;37806;
807594;0;0;47376;
3877030;0;2;30720;
2859045;0;2;23868;
3707945;0;0;30386;
1749033;0;0;14110;
2644070;0;3;8540;
2858090;0;2;39213;
1473061;0;1;2827;
484518;212016233;2;3134594;
3431977;0;1;41988;
550437;0;1;22420;
347690;0;1;24677;
671781;0;1;36716;
2769445;0;0;15595;
2396773;0;3;37097;
1456234;-750626875;0;19173;
3431973;0;0;41988;
1893994;0;3;9648;
2303529;0;0;19291;
528481;-652699794;3;40858;
4012581;0;0;22828;
2015337;0;0;47029;
1464422;0;1;24607;
2528806;0;0;48790;
3562085;0;2;13564;
462497;0;1;344;
1798249;0;1;6995;
2777193;0;1;17228;
3845162;0;1;22514;
1607717;0;2;13839;
355434;0;0;7785;
1541674;0;2;39114;
3638313;0;2;9141;
2255398;-715094203;1;19843;
73829;0;2;33975;
1184874;0;2;50913;
3994213;-1229349446;3;10645;
4160164;0;1;33535;
906790;0;1;16772;
3449898;-406328140;2;45081;
3393574;0;2;14917;
3026026;0;0;14908;
3274788;2104046978;0;30031;
4030136;0;2;22516;
671849;0;3;34585;
3713061;0;2;21038;
636965;0;0;38568;
1790569;0;2;31549;
2444969;-214300746;1;495;
3647016;0;2;24023;
3133477;0;3;2827;
2054820;0;0;5689;
2015273;0;0;27182;
3402277;0;2;31188;
3150441;0;0;10602;
2639393;0;3;23867;
307813;0;3;45111;
1798182;0;2;2275;
2421921;0;0;23868;
1907236;0;2;49414;
1061417;0;2;36;
4003877;0;1;33337;
2197097;1007323868;0;49343;
3748457;0;2;10602;
2873382;0;1;50;
3414629;0;2;27462;
3748453;0;0;42361;
3569828;0;1;32495;
2414122;0;0;4385;
1473190;0;0;22464;
1775209;0;0;32781;
1426986;0;3;1982;
1208933;0;0;9963;
1999914;0;0;23179;
2162853;0;3;38103;
3973162;0;0;3331;
3305577;0;1;5318;
524329;0;2;29908;
2882149;0;1;11826;
3546664;0;2;9975;
784490;0;2;40381;
1643046;0;0;3436;
3880488;0;3;26457;
2260521;1686873110;1;16173;
3860586;0;0;2270;
2996837;1743966785;0;22602;
889445;0;2;21383;
3142306;0;2;3437;
2986089;0;2;7483;
1078822;0;0;1374;
2551913;0;1;14719;
3748392;0;1;23179;
1650729;0;2;20242;
2426914;0;1;27743;
3730538;0;1;9470;
2426918;0;2;38385;
2754090;0;3;14047;
3167784;0;2;31989;
3167785;0;0;14674;
1208873;0;3;7418;
4151333;0;0;2809;
1118376;830043155;2;19886;
1167013;0;3;40748;
221226;0;3;2747;
83494;0;3;4821;
2544170;0;2;23097;
3532322;0;1;9471;
3739753;0;0;31873;
1763877;0;2;19634;
3722792;0;1;39961;
524393;0;1;25511;
1557032;0;1;26560;
338022;0;1;36431;
3532330;0;2;9471;
524389;0;2;34280;
1643109;0;1;44481;
2638437;749915454;3;49161;
4105257;0;2;41102;
3126825;0;2;20589;
3282596;0;2;39948;
3297893;0;0;2822;
3921513;-622990463;1;34221;
1114666;0;3;2536;
2383401;0;2;3415;
3631654;0;1;12358;
4052008;0;1;2274;
3072034;0;0;42078;
858725;0;2;11438;
2093098;0;0;49;
248357;0;2;46269;
3072041;0;0;8537;
3145833;-1834682382;2;291390;
1356330;0;0;2262;
3774500;0;0;1449;
415846;0;2;29305;
493093;0;1;21186;
493097;0;1;28597;
1729125;0;0;17301;
493098;0;3;57;
415850;0;0;8158;
2941994;0;3;16402;
845354;0;2;279;
256037;0;0;14109;
413802;-1094876622;1;4856;
1243684;0;1;39413;
3087466;0;0;13840;
2257061;0;2;2275;
4182058;0;2;14908;
1243686;0;3;20414;
1534054;0;2;12356;
2505890;0;1;24055;
3906602;0;3;33243;
3783206;0;0;14756;
2598441;0;2;42694;
1549609;0;1;39962;
836714;0;3;42938;
1977896;0;1;5746;
2955302;0;2;35923;
493157;0;0;358877;
3501608;0;1;23255;
3501610;0;3;35956;
2796650;0;0;22514;
3825698;0;1;44091;
1695400;0;0;38318;
2119273;0;2;18946;
3102826;0;0;14940;
951337;0;2;12104;
866466;0;3;29213;
100901;0;3;4835;
2257001;0;0;3331;
160361;0;2;2823;
516137;0;2;2217;
1518698;0;0;27849;
2804261;0;2;30549;
3800617;0;1;50427;
268390;0;1;9469;
1041514;-1326199367;1;49816;
2699881;0;0;34008;
3600425;0;3;7152;
1503780;0;0;4836;
602213;0;1;32379;
3921962;0;3;40794;
3475562;0;1;35153;
2521250;0;2;42877;
2916961;0;2;28355;
3358757;0;3;259;
3441189;107852220;3;35472;
108645;0;3;35547;
1262121;0;0;4820;
2605161;0;3;15594;
1572906;0;1;3331;
594474;0;1;8538;
3592809;0;2;24633;
2498089;0;0;31726;
2691109;0;1;48148;
2831913;0;0;43931;
1677988;0;0;50677;
2605157;0;0;2786;
1132072;0;0;40823;
828005;0;0;38911;
2070122;0;1;13037;
2119209;0;1;16767;
2119210;0;3;47460;
3202728;0;2;6128;
2085544;0;0;2262;
1945701;0;2;3904;
966817;0;0;46548;
4060842;0;3;2275;
1984550;0;2;3443;
100965;0;1;27501;
706658;0;3;40381;
2365990;0;2;46215;
3600489;0;1;23915;
2681962;0;0;16249;
3056681;0;0;26565;
960042;0;0;41404;
2955426;0;2;49962;
960041;0;3;279;
858785;0;3;38999;
960040;0;3;22438;
2916897;0;3;2266;
4034597;0;0;23737;
3192868;0;2;50;
4175398;0;2;35154;
1262185;0;0;40399;
2691177;0;1;54322;
1695272;0;1;41103;
3930662;0;2;290;
3592745;0;1;3433;
1695273;0;2;31517;
2691178;0;3;15382;
386085;0;2;48684;
386090;0;1;45198;
2210922;1200645053;2;8540;
3592742;0;0;31778;
1541158;0;0;48790;
2777705;0;2;18419;
431650;0;2;48926;
2726437;0;2;14196;
1185386;0;3;7210;
3141670;0;0;40748;
4121126;0;1;40917;
928870;0;2;17890;
1885738;0;0;45227;
3394084;0;3;15347;
4121130;0;3;4385;
1060970;0;3;3441;
347178;0;0;34644;
1409130;0;3;273;
3887657;0;0;17502;
1789992;0;0;29213;
1789993;0;2;42939;
760938;0;2;13840;
3765289;0;0;4384;
299621;0;1;48067;
776354;0;1;48790;
299617;0;2;15146;
3506789;0;3;46657;
3646569;0;1;43465;
3524260;0;2;32599;
2000550;0;2;49844;
4112489;0;1;3429;
3290662;0;0;45199;
1036393;0;1;18803;
1192998;0;3;7152;
3440169;0;3;2197;
1659942;0;2;47;
2866282;0;2;33990;
2777641;0;1;22138;
679978;0;1;9469;
431721;0;1;45685;
2404965;0;2;50205;
3757608;0;3;11142;
197673;0;1;37396;
1483365;1485089734;3;17305;
2295337;0;2;2262;
1185322;0;1;6827;
2283622;0;3;8894;
2047530;0;1;30375;
4004389;0;3;46536;
1472614;0;2;16926;
1409064;0;0;45199;
3646501;0;3;80606;
672357;0;2;6148;
299557;0;1;43301;
1472618;0;0;29944;
3011626;0;1;20900;
3149930;0;2;48788;
194598;0;1;5683;
3133993;0;3;20900;
1642537;0;1;33749;
1449512;0;3;37715;
2543721;0;3;4896;
3861094;0;0;50193;
2621481;0;0;49962;
3531881;0;1;21052;
1541286;0;0;31499;
2762282;0;2;4798;
1325098;0;1;3442;
2283682;0;1;41775;
1885862;0;2;28509;
3175976;0;3;34964;
3126378;0;2;26698;
888937;0;1;6786;
2144869;0;0;30017;
2310697;0;1;21130;
3414118;0;0;38385;
316966;0;1;40402;
3730984;0;2;45769;
1755684;0;3;22461;
3524138;0;2;1441;
2647718;0;3;19845;
532581;0;3;29573;
4145769;980089846;3;2385593;
316970;0;1;3239;
2413610;0;3;7785;
2000426;0;3;22745;
2180713;0;0;24021;
4002346;1480890932;0;34281;
2136106;0;1;8896;
4151909;0;0;8809;
3118629;0;3;5319;
2994217;0;2;27742;
1625640;0;3;23235;
1763365;0;1;25510;
1625642;0;2;40056;
447017;0;3;20902;
1325158;0;2;34592;
784934;0;2;284;
1642601;0;1;68811;
1642602;0;3;30526;
3740265;0;1;11826;
3561636;0;3;5684;
1642597;0;2;22300;
3740261;0;2;27302;
2621541;0;3;21238;
3531817;0;1;25676;
3126313;0;3;27849;
4159594;0;0;33434;
4105770;0;1;18421;
213097;0;1;12344;
213098;0;0;2274;
888873;0;0;3012;
3414053;0;2;19843;
454758;0;0;26671;
317033;0;2;4827;
2994277;0;2;21824;
2180650;0;0;2585;
2994281;0;3;26558;
12389;0;1;9542;
1954858;0;0;6776;
3343977;0;1;2262;
1837669;0;2;11683;
4190250;0;1;4830;
3270186;811208581;3;306716;
2465834;0;2;31498;
559653;0;3;45199;
3501162;0;0;25518;
3576870;0;2;40352;
2465826;0;0;21239;
4182629;0;0;2256;
3063909;0;3;2270;
397417;-1725125567;2;80907;
3817513;0;1;20089;
3817514;0;1;16563;
1348202;0;2;16767;
2839081;0;1;17502;
2458213;0;2;45897;
2233386;0;3;48787;
974945;0;3;24634;
2109994;0;1;2262;
858149;0;2;23737;
247909;0;2;16989;
2223210;0;3;9154;
2846762;0;0;50;
1355881;0;3;690;
275561;-1741572786;3;286397;
2465898;0;3;8159;
3501098;0;1;18236;
1590824;0;3;29826;
3993128;-129267044;1;44764;
2590313;0;3;51423;
1590826;0;1;12103;
2605736;0;1;2276;
3453541;0;0;33122;
1677418;0;2;37923;
2846758;0;3;17332;
2942505;0;3;26076;
3351657;0;1;29684;
144490;0;1;37028;
4713;0;2;28943;
990314;0;0;42541;
2353189;0;1;2266;
3211881;0;2;15146;
741481;0;0;10613;
299817;0;1;17203;
3696233;0;3;4827;
4174954;0;0;24667;
875558;0;1;43045;
1937509;0;1;23736;
2078309;0;0;2470;
2916457;0;1;9468;
593961;0;1;41989;
1387046;0;3;6776;
3670057;0;1;41103;
508005;0;2;2827;
3608101;0;1;17228;
1573414;0;3;4821;
1480358;0;0;2275;
2925094;0;2;1519;
1131626;0;3;15392;
3229289;0;3;22808;
159845;0;2;11414;
2069545;0;3;30603;
1088037;0;0;2536;
3451429;1133055179;3;51583;
1387626;1729264037;0;42183;
3600936;0;2;8538;
2699369;0;3;32629;
2365542;0;2;10899;
726118;0;1;9469;
1703465;0;3;26458;
377894;0;0;39775;
2803749;0;2;17503;
2613290;0;3;18610;
3678821;0;0;25932;
3736169;324077352;2;49587;
620198;0;2;49590;
1365546;0;2;41593;
726122;0;2;49;
2955941;0;0;6073;
4174889;0;0;278;
3057193;0;0;31658;
2955937;0;1;9650;
875618;0;0;23601;
3057194;0;0;22810;
4090469;0;0;17946;
1014373;0;3;9535;
3670122;0;1;42603;
1510506;0;3;34391;
577065;0;2;14109;
594025;0;3;15811;
3592234;0;2;2768;
1495593;0;3;7152;
3147814;1112648398;3;25745;
594021;0;2;32597;
386600;0;0;2181;
2257446;0;1;26671;
254049;1836701053;3;36247;
2925161;0;2;2266;
100453;0;2;16989;
1985060;0;1;10519;
2337898;0;2;16029;
1985061;0;2;17204;
3229221;0;0;35154;
2365477;0;2;38021;
1824870;0;1;18801;
2506281;0;0;12688;
1503337;0;1;16047;
2699306;0;2;21852;
3601001;0;0;2266;
1365610;0;0;27889;
2279017;-1707169223;0;49343;
2598053;0;2;24023;
2665125;0;3;17910;
3764841;0;3;16402;
1333350;0;2;2466;
2535466;0;0;23829;
2856994;0;1;27921;
3507242;0;1;17228;
2392106;-1297230836;1;61586;
3764837;0;1;2262;
2397736;0;0;31670;
438821;0;0;9660;
2535462;0;3;11858;
3415720;0;1;24344;
2777189;-2009849964;2;8458;
2970153;-252792074;3;43132;
3011109;0;0;31498;
3289189;0;3;6071;
1037866;0;1;20484;
55334;0;0;21040;
1165862;0;3;356;
2420900;0;0;10285;
2527849;0;0;23356;
3756073;0;3;690;
540714;0;1;2217;
540713;0;2;31297;
354342;0;1;3335;
478757;0;3;7007343;
681514;0;3;31498;
3896874;0;2;14196;
3002474;0;0;7424;
3981929;0;2;2256;
346661;0;2;14109;
2535530;0;2;13167;
2443298;0;1;30720;
777896;0;0;43644;
1667109;0;0;3440;
1410666;0;3;38102;
1192484;0;1;14109;
913509;0;3;11684;
3151402;0;2;32000;
3011173;0;0;22961;
2016362;0;2;9468;
2607717;1438129946;2;26228;
1165925;0;2;50121;
3017254;0;0;34950;
2638442;0;3;2745;
3756138;0;3;25805;
2527785;0;0;26687;
3756137;0;3;25463;
1799274;0;2;9468;
1923748;0;1;17230;
4004970;0;0;48243;
3281513;0;0;22912;
4007466;-1415077282;1;30532;
1456676;0;1;14442;
2413161;0;2;9491;
3553316;0;3;44892;
655397;0;3;36524;
2995817;0;1;48;
1209898;0;3;4821;
55458;0;0;23226;
1998953;0;3;25084;
3166762;0;3;5252;
2365478;-244997940;3;152664;
3117162;0;1;26719;
3861546;0;0;23601;
2558054;0;1;26720;
1448038;0;3;22514;
1781865;0;0;12855;
2545190;0;3;9471;
478881;0;1;17719;
645669;0;0;46536;
1558058;0;0;7784;
2760805;0;0;24745;
3654697;0;1;2197;
1558056;0;0;27246;
2516073;-1577041831;3;41102;
90213;0;2;10284;
90217;0;3;2823;
3377189;0;2;15393;
2187881;0;0;44481;
3125801;0;2;32598;
1028138;0;1;9543;
2267684;0;0;47087;
2413097;0;3;16393;
1456741;0;1;11412;
3870825;0;1;26671;
1317994;0;0;27849;
2413098;0;2;15827;
655465;0;0;47918;
3853864;0;1;46536;
346790;0;1;24000;
517418;0;0;16220;
3522597;0;3;5758;
3870821;0;0;279;
315429;0;1;31385;
3974185;0;3;278;
178726;0;3;17158;
4152426;0;2;13830;
2850913;-1250248624;3;151118;
3780713;-136029534;0;30016;
1998889;0;2;48775;
3879464;0;1;50515;
1447972;0;3;9469;
1433701;0;1;22135;
1644072;0;2;50676;
1824810;-1887061515;0;128354;
2545257;0;0;39785;
630441;0;1;2262;
90149;0;2;10319;
64161;0;3;21386;
3298856;0;3;31550;
1028197;0;0;11826;
2902565;0;2;29815;
1253477;0;2;9473;
882853;0;3;51257;
4059686;0;2;12897;
823397;1134214420;3;23682;
1244712;0;3;19844;
475177;-598199334;1;75080;
3166250;109339451;1;25143;
2354729;0;0;11415;
1270952;0;3;2275;
117284;0;1;15621;
618601;0;2;2823;
2716265;0;3;40181;
3584041;0;2;14111;
3491942;0;2;9469;
362022;0;1;38889;
690214;0;2;2541;
4061222;-8825521;2;257975;
1380008;0;2;17910;
362025;0;1;27502;
1721449;0;3;30386;
3575850;-1613721063;2;15012;
3905578;0;0;31485;
618598;0;0;38102;
2933345;0;1;31187;
1939108;0;1;19844;
2232873;0;2;4820;
1976868;0;3;39692;
3221029;0;3;15348;
3342377;0;0;9469;
4073508;0;2;48148;
3576425;0;1;30460;
2514473;0;1;30720;
1478761;0;2;25862;
1527336;0;3;37616;
492133;0;3;149110;
2588773;0;0;18257;
369770;0;3;49344;
2795626;0;0;30385;
3593892;0;2;17411;
2848298;0;2;4821;
2086506;0;1;12872;
2102824;0;0;36534;
844390;0;0;17852;
4065829;0;2;34950;
3341418;0;2;8540;
1962090;0;0;2274;
950433;0;0;18446;
2069156;0;3;7153;
867370;0;0;31363;
2240554;0;3;23179;
2787942;0;1;9534;
3632680;0;2;27504;
2716201;0;0;6685;
3584105;0;3;37640;
618533;0;2;14914;
742954;0;3;51173;
1826472;0;3;2262;
3799713;0;0;40671;
2232933;0;3;9964;
4191784;0;1;279;
135270;0;3;3435;
1994408;0;3;41228;
976422;0;1;50997;
1595430;791597953;2;23406;
3221089;0;2;24021;
1954346;0;0;13564;
2956394;0;3;48242;
492073;0;2;11658;
1402982;0;1;18776;
3775530;0;2;33654;
610921;0;3;10906;
1708073;772018611;2;27183;
3576356;0;0;48160;
1357354;0;0;2274;
1939050;1997220409;1;20430;
3453994;0;3;52;
3576358;0;3;32181;
492069;0;1;32617;
610913;0;3;20668;
3048033;0;1;4819;
852074;1532054005;3;40792;
3048037;0;1;12345;
3227690;0;2;13841;
882725;0;0;7778;
1379880;0;2;35497;
2504740;0;1;18446;
2504742;0;1;2469;
603178;0;3;33991;
1379877;0;3;279;
1938986;0;2;28942;
1263209;0;2;12104;
3055657;0;2;33434;
509478;0;2;691;
385066;0;2;19844;
1694245;0;0;2262;
610984;0;3;6152;
509481;0;0;2825;
385061;0;2;18131;
1270890;0;0;1389;
2925609;0;2;278;
4044328;0;0;11130;
3103846;0;3;26670;
2118249;0;0;10625;
1227301;0;0;7492;
3047978;0;0;16767;
3227753;0;1;40400;
2822250;0;2;3393;
3461672;0;1;6770;
517158;0;1;18578;
1395364;0;2;17917;
2474017;0;0;21087;
1364005;0;1;2789;
2700905;0;2;36423;
3055713;0;2;21556;
1954472;0;2;39961;
1138721;0;0;16550;
2971690;0;0;25807;
1954468;0;1;50677;
3055721;0;0;6283;
4090922;0;2;20888;
1853476;0;2;24705;
1853477;0;0;7151;
3469417;0;3;14683;
1834090;0;0;7447;
3485224;0;1;48244;
1509924;0;3;21837;
2482793;0;1;25930;
2917993;-1240107057;2;403241;
3515494;0;3;26670;
2527338;0;0;40381;
1658921;0;1;33216;
3756584;0;2;49094;
2865254;0;3;26063;
3022889;-1466796116;1;71899;
3515498;0;1;47185;
3530922;0;1;690;
1418857;0;2;2179;
1540197;0;1;23983;
3002981;0;3;24169;
63594;0;3;36294;
1884773;0;1;17110;
2171945;0;3;50121;
2171941;0;1;21130;
2046501;0;1;7493;
905321;0;3;48067;
2728037;714426200;2;36489;
3835941;0;3;25806;
1739300;0;1;47984;
3507749;0;0;35154;
2857510;0;2;46749;
1791082;0;0;18445;
300586;0;1;49962;
4028580;0;1;51257;
2016810;0;3;8646;
66665;0;1;36524;
2302057;0;1;9128;
1037350;0;0;27744;
1341542;0;1;36319;
1658985;0;1;32149;
3756649;0;2;44242;
3637800;0;1;21557;
2451558;0;0;13183;
3844644;0;1;35610;
3844645;0;2;6527;
2637925;0;3;690;
2637921;0;0;14040;
1341546;0;1;8893;
2865194;0;2;38132;
1540129;0;0;18445;
3756645;0;1;21053;
2172010;0;2;15149;
2024490;0;2;17306;
3281001;0;3;28356;
2161189;0;0;9493;
905257;0;1;33434;
1791014;0;1;23113;
2536041;0;3;26313;
3764266;0;0;50193;
3430436;0;3;33245;
1667625;0;0;11829;
2443813;0;3;14442;
2443814;0;3;5319;
673322;0;3;21039;
2646562;0;0;17228;
300649;0;2;24022;
3715177;-250598250;2;14684;
195686;0;3;22808;
1054250;0;0;5408;
3010661;0;2;32899;
1916458;0;0;26916;
4013098;0;3;22000;
3010665;0;1;32058;
1326186;0;0;28217;
645157;0;0;14438;
448038;0;0;48790;
3879017;0;1;28714;
3862056;0;2;39687;
323621;0;2;6476;
645162;0;0;3331;
2544681;0;3;33990;
1799846;0;2;10285;
2187365;0;3;14912;
4005544;0;0;50996;
3125289;0;3;47436;
170533;0;2;2827;
1318440;0;3;15827;
1773608;0;1;41891;
316009;0;1;7151;
2750565;0;2;3335;
777322;0;2;13840;
1773609;0;2;24907;
2566182;0;2;41869;
2412641;0;2;32596;
1425509;0;0;24951;
2412645;0;2;13049;
3117669;0;0;12618;
4028452;0;3;259;
2421353;0;2;24744;
323690;0;0;33755;
2421345;0;2;32596;
3125350;0;1;26670;
2187301;0;1;22420;
2294373;-311017083;1;40863;
945194;0;3;18103;
3125353;0;3;27069;
2267238;0;2;24905;
3125354;0;0;19111;
3662886;0;1;24630;
3415146;0;2;42182;
3871337;0;0;39203;
549025;0;0;22454;
761962;-2088664306;0;32597;
1456230;0;0;34593;
2412586;0;2;37396;
963622;-1673451850;2;23927;
2412581;0;2;26778;
2553385;0;0;28355;
455722;0;3;17227;
2553386;0;3;8047;
1425445;0;2;31297;
1566250;0;0;9643;
3523108;0;2;2463;
3662889;0;3;38943;
2933349;-102052463;1;17924;
3117606;0;3;38386;
3121190;233824977;0;109790;
898602;0;2;2273;
3289768;0;3;32599;
2319465;0;3;29684;
1877033;0;2;3334;
3247658;0;2;15593;
2179689;0;2;17903;
3385380;0;1;29183;
4096042;0;3;34105;
898597;0;2;124313;
1019945;0;0;35154;
3697188;1024155683;0;9385;
1953893;0;2;14544;
4173992;0;0;49246;
3094570;0;3;45990;
4051557;0;3;28944;
1245221;0;1;50732;
304234;1533434545;0;171809;
3094565;0;2;2810;
3209829;0;1;38316;
2232362;0;3;27502;
2232361;0;2;2541;
2111013;0;3;17228;
2589289;0;1;38413;
3686441;0;1;39203;
610345;0;1;690;
1479273;0;0;42078;
2708004;0;0;24941;
576161;0;1;5320;
3827242;0;2;14197;
491621;0;0;11683;
2589285;0;2;27362;
3134121;-337897121;2;14442;
968234;0;0;23044;
2787366;0;3;33783;
2596906;0;0;17829;
2715754;0;0;49009;
3584552;0;1;40049;
285285;0;1;55337;
269994;0;0;48502;
619109;0;1;42361;
1486885;0;0;2197;
2715749;0;0;2262;
1349162;0;2;3906;
2596898;0;3;2531;
3679908;0;0;645;
1123946;0;1;18255;
4051493;0;3;24295;
859242;0;2;34103;
1245290;0;3;25676;
975910;0;1;24131;
3073574;0;0;40352;
2708073;0;1;11826;
610409;0;3;33014;
2589226;0;2;47757;
2589225;0;1;18776;
491557;0;2;35702;
2466858;0;1;1080;
370218;0;0;50193;
2708069;0;2;12344;
1479206;0;2;4821;
1708138;-1641855016;1;12784;
240293;0;0;33535;
4059242;0;1;2274;
3086885;0;0;48;
989222;0;3;49102;
2096170;1212342514;0;16245;
2522665;0;2;36429;
425002;0;2;45396;
2715690;0;1;41869;
3906149;0;3;8809;
285221;0;0;14197;
1486954;0;1;8159;
1597482;0;1;4829;
2787429;0;0;38020;
2381858;0;1;50131;
708264;0;1;38318;
2596965;0;3;13564;
2459241;0;0;22808;
361578;0;1;34392;
1721896;0;1;28925;
1808490;0;0;26698;
1349226;0;0;16710;
1702564;0;1;37001;
820778;0;0;49093;
3056166;0;2;20721;
2077226;0;0;17204;
1993834;0;0;2270;
820773;0;1;147916;
3791398;0;3;279;
2672677;0;3;50549;
1712233;0;3;73524;
2606633;0;2;9535;
1712230;0;2;3331;
3809893;0;2;36524;
2692713;0;3;48914;
595050;0;3;38580;
2496618;0;1;18103;
2482210;0;0;28600;
2117673;0;0;17157;
2068586;0;1;30393;
2979878;0;3;23447;
2979877;0;3;259;
950889;0;1;41291;
1861668;0;0;6518;
2336870;0;2;2273;
1364586;0;1;26645;
3461225;0;1;9659;
1518116;0;3;31108;
583782;0;1;16988;
690853;0;2;40353;
3679786;0;3;17204;
376933;0;1;28190;
1349284;0;0;21040;
1775718;3078501;0;1670758;
153130;0;3;7527;
3495972;-1002149399;0;37175;
3545190;1153410980;0;36509;
2972193;0;3;9650;
3056233;0;2;26920;
2206826;0;0;40076;
4091432;0;0;7334;
4091433;0;1;47375;
3315813;0;3;2265;
1509414;0;2;14048;
2482281;0;1;16414;
2496550;0;3;17226;
1693798;0;1;10590;
1496682;0;1;4855;
509033;0;0;16562;
1574442;0;2;12103;
2606697;0;3;9535;
2117733;0;0;11826;
1006694;0;1;8540;
1130597;0;2;17274;
989346;0;2;18445;
1006690;0;1;32179;
950825;0;1;17236;
3047466;0;0;24022;
1130601;0;0;26738;
3228265;0;0;11413;
2117737;0;1;21347;
4166186;0;0;17144;
1362596;699193825;2;484804;
1947173;0;1;3443;
517670;0;0;23114;
3801193;0;0;24295;
725097;0;1;39568;
3461162;0;3;7785;
1364520;0;3;19291;
407654;0;2;8541;
1702436;0;3;6738;
3461161;0;3;2469;
3614826;0;1;9469;
517674;0;3;34079;
223333;0;2;1448;
223338;0;1;17890;
3244069;0;0;47375;
1072230;0;1;31506;
1631786;0;2;279;
1652842;0;2;33990;
1455721;0;2;10284;
3430052;0;2;40778;
3552361;0;2;30127;
1314922;0;3;40351;
1566756;0;3;41869;
3664422;0;0;22300;
2424938;0;2;19111;
2191398;-195745852;3;91661;
2312229;0;2;48790;
803877;0;3;24022;
2190888;0;2;41697;
3252837;0;0;46997;
1761893;0;2;38601;
3741738;0;1;25465;
448618;0;1;16248;
1446950;0;3;24630;
3858538;0;2;3329;
2433577;0;3;4856;
933929;0;0;81399;
3031594;0;3;15827;
933930;0;1;279;
1210916;0;3;35394;
4027944;0;0;4855;
2134629;0;1;21382;
2017444;0;2;27707;
3552298;0;2;21040;
3412517;0;3;12884;
3258918;507606080;1;39312;
468010;0;1;262;
2216037;116146363;2;54440;
2565674;0;3;16771;
3850857;0;1;24495;
1566822;0;1;16988;
3664485;0;2;14108;
2424874;0;2;25678;
774761;0;1;21248;
850533;10891521;2;17155;
2010664;0;3;41698;
2988068;0;2;49413;
680485;-1286442910;2;23376;
1202282;0;0;48788;
4001897;1485855375;3;135984;
4001960;0;3;26721;
3564585;1303366832;0;20455;
1279530;0;1;29782;
3376169;0;2;34493;
644650;0;2;16688;
460393;0;0;21679919;
460389;0;3;132002;
1784938;0;1;31994;
1023653;0;1;7153;
1912869;0;0;2447;
3016234;0;3;16393;
4080678;-1952219527;1;886488;
634981;0;3;24055;
3889194;0;3;41103;
3429928;0;0;26666;
345642;0;1;5401;
3835497;0;2;30386;
483365;0;1;4273;
2581033;0;3;16019;
483370;0;2;2270;
2771493;0;3;7493;
673830;0;2;17203;
2884201;0;1;17228;
4122662;0;0;29176;
786538;0;0;25467;
75878;0;3;35186;
184361;0;0;7485;
1905253;0;0;26170;
2045034;0;2;3906;
1605669;0;2;4939;
2723874;0;1;344;
581733;1386362663;0;7805;
1605673;0;3;7485;
2572393;0;2;1972;
1792164;-1126350367;2;24771;
3560041;0;0;4819;
2289705;0;2;6519;
1546342;-1324666894;0;110943;
85665;0;2;45802;
3992618;0;2;15099;
795237;0;0;3430;
1164840;0;2;27502;
1790053;302572757;1;2449;
3321957;-1060111099;2;780589;
4149416;0;1;18445;
2289702;0;1;9717;
3889258;0;1;42875;
1670250;0;0;35832;
3303076;682959845;3;61342;
1471081;0;1;16402;
2771557;0;2;27237;
3284521;0;2;20548;
1905194;0;3;3415;
2658913;-2064029768;2;31925;
4122726;0;2;98800;
2026086;0;0;20413;
184422;0;3;13069;
475684;0;2;22969;
2723941;0;2;10323;
627301;0;3;48067;
644773;0;0;104018;
1662505;0;1;6151;
475689;0;3;5522;
643369;868462859;3;35413;
3680362;0;2;2197;
704550;0;2;3906;
266342;0;3;8541;
2364009;0;0;11826;
3602470;0;2;33337;
3464744;0;3;7785;
3602469;0;1;8896;
1004137;0;3;14672;
1085480;0;1;17157;
3100778;0;0;2274;
2336293;0;1;2827;
3051049;0;0;4821;
3385126;0;1;6151;
2195493;0;0;43246;
4080229;0;0;24745;
1508906;0;1;12623;
2809957;0;3;11826;
1693290;0;2;23430;
2496041;0;3;29826;
495265;0;1;28082;
2809961;0;1;17225;
1384488;0;2;50;
3672613;0;0;17307;
3360804;0;2;27183;
1264164;0;0;45227;
1822761;643203720;0;165242;
2970665;0;3;2256;
3315305;0;3;11827;
874026;0;1;21040;
2970666;0;1;34493;
3919973;0;0;2827;
3614248;0;2;41103;
2679913;0;2;20588;
2363945;0;1;10788;
3602534;0;0;24295;
266282;0;2;50;
1134121;0;1;49590;
3100714;0;0;263;
162341;0;2;50;
3183209;0;0;13563;
2979370;0;3;11130;
3183205;0;3;21382;
2195557;0;1;13049;
1693225;0;0;3938;
413865;0;3;690;
2693226;0;2;29176;
713253;0;0;46931;
3605610;0;2;33434;
1384553;0;1;251;
1375786;0;0;45502;
1693222;0;1;36902;
596581;0;3;9964;
2693222;0;1;8894;
499818;920716139;0;13353;
1991269;0;1;14434;
1975972;0;1;6074;
2327593;0;1;47523;
2381353;0;2;23999;
3781221;0;2;6770;
1394216;0;3;41397;
3133481;-511340289;3;14438;
1394218;0;2;6943;
720997;495758208;1;271036;
3940394;0;3;2193;
1241705;0;3;12617;
2961962;0;1;31055;
864298;0;1;17157;
2351713;0;1;16019;
864293;0;0;26740;
988714;0;1;41102;
3913256;0;1;50419;
546853;-1070898537;1;27275;
495141;0;1;185885;
2654757;0;0;24138;
697898;0;1;18421;
557097;0;2;2266;
1592426;0;0;27849;
856677;0;3;14040;
4072554;0;3;24342;
1975914;0;3;20241;
2786858;0;3;47984;
2701985;0;3;37001;
2662434;0;2;23500;
2519145;0;1;8894;
3447333;0;0;3332;
2097193;-259607300;0;16184;
1394277;0;3;4828;
2087460;0;1;29541;
2351657;0;2;7493;
3066405;0;2;26559;
1256554;0;0;34492;
116266;0;0;279;
968746;0;2;22419;
2389034;0;1;2275;
751653;0;1;9470;
3765800;543894931;0;49954;
413738;0;1;2241;
3690024;0;1;20555;
4054122;0;1;14896;
856618;0;0;13298;
3932714;0;0;2465;
3074149;0;1;20401;
1975850;0;0;15887;
3094057;0;1;43541;
996394;0;3;25519;
3094058;0;0;7143;
3039785;0;3;10604;
1887909;0;2;79132;
804389;0;1;305992;
215078;0;2;7485;
3178025;0;1;47826;
3143850;0;0;45990;
4019753;0;1;37310;
1590377;-1057573270;1;51134;
1155685;0;3;9963;
3039782;0;0;25447;
2741865;0;3;9491;
3859045;0;1;36614;
1558630;0;1;23096;
526885;0;2;29909;
336426;0;3;19638;
2879593;0;0;11684;
3742246;0;0;5319;
2623522;0;0;2197;
2052202;0;1;2274;
2305186;0;0;5684;
3120681;0;0;28717;
3308133;0;2;11413;
208545;0;3;22970;
4010152;0;2;28600;
2052197;0;1;2262;
934501;0;3;16019;
3384362;0;3;24236;
3031141;0;0;13048;
1670824;0;2;39115;
327782;0;1;26670;
3663910;0;1;3436;
3292856;0;2;25785;
3526184;0;3;19844;
1315433;0;0;10873;
1567265;0;0;6073;
4142249;0;2;30259;
2190442;0;2;17246;
2312805;0;3;50758;
3039845;0;0;16988;
1623594;0;3;31188;
3544170;0;1;2461;
1447529;0;0;43930;
2623589;0;3;44416;
3711672;0;0;10268;
37481;0;0;22659;
1063461;-1954411356;3;9535;
1577057;-2069382960;0;31297;
1146981;0;1;12855;
3244645;0;2;48222;
3136161;0;2;7785;
1930794;0;0;4877;
54949;0;0;40748;
2856610;0;1;29946;
3749930;0;0;48789;
774249;0;1;8165;
3412008;0;2;2275;
3850345;0;3;2263;
1904746;0;0;38580;
4123174;0;2;2274;
2025509;0;3;24253;
3090082;1742516301;1;44771;
1904741;0;1;24491;
2281509;0;0;2827;
1606182;0;3;2829;
2572901;0;0;3441;
626725;0;1;17702;
2864170;0;0;9141;
3559529;0;2;17110;
1662058;0;1;38581;
626729;0;0;31730;
3178168;0;1;26911;
475241;0;3;51907;
1419812;0;3;34950;
790565;-1608802032;2;51256;
2892326;0;0;14250;
3120809;0;2;27071;
2580518;0;1;14048;
2442794;0;3;6776;
635493;0;1;38315;
3429418;0;1;27182;
652965;0;0;44092;
2732133;0;3;22301;
1470505;0;2;9471;
1670696;0;2;41477;
345126;0;3;21239;
2142882;0;2;38992;
1294442;0;0;25322;
2025573;0;1;11141;
4002344;0;1;20242;
2045480;0;0;33;
2045482;0;0;6580;
2883621;0;2;2197;
3392101;0;0;4819;
3024426;0;1;14451;
2572834;0;1;49;
626790;0;3;4820;
3559462;0;3;47186;
348201;-159029726;3;60963;
3702886;0;0;3436;
2450474;0;2;6739;
3702885;0;1;3441;
2205733;-34301024;0;26367;
2741930;0;3;9975;
2305130;0;0;9354;
2697829;-948366057;3;80544;
54826;0;1;21556;
3308196;0;3;33535;
794726;0;1;24629;
3429482;0;2;27849;
3767398;0;3;17891;
2580585;0;0;18358;
2442853;0;0;4828;
1470569;0;2;48164;
301604;0;0;3331;
3594346;0;1;2270;
2836518;1833501528;3;2467;
1508394;0;2;33434;
712805;0;2;24483;
3606058;0;0;31486;
712810;0;2;48296;
2485354;0;2;8895;
3928169;0;3;2267;
3238954;0;2;14908;
4177002;0;3;17502;
873510;0;0;16435;
3108906;0;1;4830;
3314794;0;0;2266;
4020010;0;3;28697;
2221217;0;3;2197;
2971178;0;0;36032;
2203749;0;3;48775;
2504298;0;1;9534;
3613802;0;0;13310;
3819684;0;3;45228;
2477609;0;1;31517;
1822762;0;1;2256;
1367593;0;3;41193;
1822760;0;0;44117;
3920426;0;3;7492;
2363498;0;0;3317;
2259557;0;0;13048;
1085994;0;1;18610;
3182632;0;0;20243;
1860714;0;3;10899;
98341;0;2;23214;
274534;0;1;32902;
2618918;1586784343;3;38385;
1692710;0;1;249;
274538;0;3;25323;
2607654;0;0;14673;
3621560;0;2;11687;
3108969;0;3;22457;
2080298;0;2;42272;
1990761;0;3;9659;
1263717;0;3;27501;
1844778;1338864997;0;1437;
4088421;0;3;2262;
1218090;0;3;19915;
2250858;0;1;29944;
1376293;0;3;2266;
2363429;0;1;690;
1822822;0;1;24629;
266789;0;2;24067;
2363434;0;0;24496;
2615394;0;1;24770;
3780792;0;1;36425;
1272358;0;0;50;
3368997;0;3;40747;
2196069;0;1;51739;
1860649;0;2;17157;
2978857;0;1;3334;
1675301;0;3;3444;
1675305;0;0;50914;
2343465;0;3;17909;
1975402;0;1;9470;
856161;0;3;28944;
1853094;0;0;35875;
1111082;0;2;16401;
2343458;0;1;255;
856165;0;3;23289;
284202;0;0;51092;
622121;0;0;2829;
395937;-289932390;3;1047600;
2519594;0;3;19291;
743458;0;1;14116;
2244137;0;1;14719;
3338857;0;0;3430;
3065957;0;2;40906;
1967658;0;2;9511;
1103466;0;0;4798;
3085864;0;0;47825;
1592872;0;0;3415;
1523754;0;1;17157;
1124902;0;0;18777;
2328234;0;3;20582;
2343529;0;3;3430;
2953769;0;1;11739;
3330150;0;1;2266;
2953762;0;3;38479;
2786345;0;3;17305;
2599978;0;1;43320;
2841189;0;0;11141;
4184612;0;2;34281;
2961513;0;2;51861;
1698922;-1760402266;2;3326;
1419366;1277791007;1;270584;
3085929;0;1;7151;
2181157;0;1;43741;
1219236;84460480;2;19844;
2053672;0;0;22463;
3851881;0;1;24634;
3413544;0;2;39485;
3551269;0;2;8896;
1653802;0;0;4829;
3413542;0;0;24344;
3551273;0;2;4828;
651370;0;3;24053;
288870;220697205;1;316644;
167978;0;1;4384;
4106278;0;2;21086;
802921;0;0;51416;
3764778;-1281577916;1;48776;
802917;0;0;34964;
1203302;0;1;22514;
2143274;0;1;2465;
1030186;0;0;17158;
2740257;0;0;7784;
1445990;0;1;3331;
1445994;0;3;39464;
3543657;0;0;51740;
459369;0;1;17491;
1622058;0;1;14110;
250473;-258633922;3;176508;
935013;0;2;14108;
3076134;-872363833;1;24599;
3976234;0;2;1878;
84581;0;2;25776;
3119142;0;3;46524;
917665;0;3;24771;
4026981;0;0;2262;
1194660;0;3;30298;
2135592;0;3;32058;
3291300;0;1;17158;
3032681;0;2;24022;
2564705;0;3;9648;
3551333;0;3;10284;
3727401;0;1;3337;
2748969;0;2;10267;
3551337;0;3;4793;
4106342;0;1;3331;
168041;0;3;10065;
3300905;0;3;17909;
2802730;1166056117;3;16250;
2265705;0;2;26920;
4159018;0;3;18104;
943658;0;0;28599;
1324586;0;0;2261;
3543590;0;1;42938;
459300;0;1;42783;
2555941;0;3;2197;
336938;0;2;1405;
2555946;0;3;18445;
1646120;0;3;28350;
3291238;0;3;22835;
3013158;0;0;31189;
3013157;0;3;25339;
4027048;0;2;14372;
915498;0;0;2270;
2746406;-1502205273;1;48180;
635946;0;0;6151;
3428965;0;1;22962;
1412649;0;2;17502;
2854954;0;0;32689;
2295846;0;0;3335;
1886310;0;1;20256;
968742;-1713374404;2;1427405;
62053;0;0;49506;
3269221;0;1;19702;
76838;0;3;44673;
1171557;0;1;21037;
2881190;0;0;45200;
2724970;0;3;3906;
476713;0;0;15073124;
573866;0;1;33964;
3842149;0;3;9542;
476709;0;2;2380;
3859624;0;0;38944;
1661476;0;2;14674;
3758118;0;3;17948;
766058;0;2;25675;
3898920;0;2;693;
432230;0;3;40409;
3291174;0;1;49740;
2151017;0;2;20241;
378532;-1231453052;0;44771;
917545;0;3;16392;
2304549;0;1;31070;
3220069;-340566734;0;19405;
3015206;0;0;16137;
3043369;80029057;3;1494;
1428132;0;0;44484;
484394;0;2;2208;
2582058;0;0;32000;
1669162;0;0;13840;
3766825;0;1;12621;
3428900;0;0;27615;
775846;0;3;29946;
3428906;0;0;18776;
1331242;0;2;4831;
1669156;0;1;35921;
551461;0;3;25447;
1047594;0;1;6049;
907813;0;3;50218;
4018341;0;2;17158;
4123690;0;0;20894;
3004450;0;2;14117;
1295913;0;0;10902;
3988069;-1768157751;3;27143;
2863657;0;0;4699;
3842089;0;1;8538;
3613222;0;2;48790;
2364969;0;0;20402;
3903656;0;3;50834;
2364970;0;1;42557;
3474470;0;3;6705;
1948778;0;2;2270;
2978345;0;2;7152;
1983521;0;2;12104;
3370537;0;3;36411;
880673;0;2;22453;
1948774;0;3;13841;
880677;0;0;18609;
3316260;-98123438;0;9014;
3788834;0;2;15383;
511525;0;2;50012;
2810922;0;2;4384;
3788842;0;0;17306;
1692201;0;0;13050;
1692202;0;2;11687;
397418;0;1;469;
573482;0;0;15348;
387110;0;2;17504;
1140838;0;0;20721;
873057;0;3;17907;
282273;1644249382;2;20582;
873061;0;1;44329;
3314214;0;1;4821;
1095208;0;1;21239;
2824298;0;2;45396;
705578;0;0;50121;
2718369;0;2;11687;
2616873;0;1;3332;
3803749;0;1;32596;
705574;0;0;13996;
2803233;0;3;23447;
605290;0;0;19110;
2502762;0;2;31994;
952357;0;1;38131;
1133157;0;0;14195;
2071078;0;2;12896;
2978409;0;0;7152;
2260074;0;0;15844;
2105001;0;0;50060;
2335269;0;2;33434;
3595877;0;1;9470;
1676964;0;3;9476;
3483178;0;1;14442;
2694178;0;0;24023;
573545;0;1;21384;
276005;0;3;2275;
276004;0;3;9470;
1692265;0;0;21513;
1692266;0;0;27502;
1140774;0;0;19221;
3238437;0;1;10604;
3314281;0;0;37805;
2252329;0;1;3297;
1216617;0;2;9469;
2969637;0;1;33749;
1012778;0;1;2809;
2078826;0;3;33989;
4053156;0;1;3336;
2326629;0;3;49858;
247462;0;1;49590;
4088873;0;0;28599;
3586090;0;3;44013;
1377954;0;0;15385;
2006696;969098672;0;35081;
1584808;0;1;33995;
2599461;0;0;37282;
501797;0;2;14109;
3489897;0;0;2256;
2380393;0;1;15852;
2590754;-272404067;3;133533;
3613346;0;1;41989;
3903529;0;0;15393;
1489445;0;1;2827;
3586084;0;2;20442;
282729;0;0;81749;
1806889;0;1;6772;
1966186;0;3;40792;
1255526;0;3;3703;
1966185;0;2;28714;
3084394;0;1;272;
1101861;0;0;4360;
2211877;0;0;258;
3773546;0;2;33990;
2512426;0;2;20089;
696929;0;0;17702;
1525290;0;0;28033;
558186;0;3;39579;
3498534;0;2;45199;
476969;0;3;202876;
387238;0;2;33337;
1732136;0;1;28817;
2590822;0;2;36233;
2709538;0;0;17891;
511649;0;0;10485;
1753701;912608307;0;19396;
2220649;0;3;16272;
4053094;0;3;13818;
857638;0;2;24497;
2096234;0;3;9137;
857642;0;2;2505;
1125414;0;1;39961;
122981;0;2;36886;
489574;-1894071737;0;17391;
2220645;0;2;11050;
3933737;0;1;24295;
688229;0;1;20401;
379558;0;0;24610;
484650;0;2;43615;
1350758;0;3;13309;
620581;0;0;35921;
3772521;-1404896812;1;94721;
620582;0;0;5319;
484645;0;0;848;
688233;0;2;690;
3503656;1828899334;0;30153;
1964134;0;1;19111;
1101929;0;3;6150;
865318;0;2;48790;
2211945;0;3;42568;
2211946;0;0;25518;
2211941;0;1;26183;
2482277;-648039172;2;25124;
2242602;0;3;15349;
1714852;0;3;39961;
2655786;0;2;28056;
1676842;0;1;32138;
2709606;0;0;8894;
494117;0;3;40917;
2851433;1733896950;2;332783;
1400937;0;3;279;
4053029;0;2;33337;
3344485;0;1;8537;
2935337;0;3;21556;
3949224;0;2;10286;
1992358;0;2;22001;
3331625;0;3;22963;
3075106;0;3;10285;
2470505;1295103665;2;18032;
2189414;0;0;3331;
2265130;0;1;43348;
1921129;0;0;48;
1921130;0;2;38580;
3127334;0;3;44573;
2900065;0;2;34833;
1921125;0;1;15898;
3161768;0;1;28943;
2900069;0;1;11826;
3253290;0;1;45198;
3375654;0;2;2266;
803429;0;0;23176;
2296485;0;2;261;
1645670;0;3;33027;
3860010;0;0;41187;
3657253;0;0;14109;
3860008;0;2;36715;
3161784;0;1;10188;
458857;0;3;8893;
1622569;0;1;12885;
1446506;0;3;39569;
3543145;0;2;26438;
1691945;0;1;33964;
2997354;0;1;4815;
3168293;0;3;50251;
3168298;0;3;24029;
4026405;0;0;18609;
2908710;0;1;14133;
1316392;0;0;47694;
1654305;0;3;47666;
1630309;0;0;19627;
2426410;0;3;20232;
328742;0;1;29680;
2564138;0;2;48790;
1654314;0;1;25043;
2748521;0;1;30717;
3375717;0;1;32400;
2009194;0;1;2197;
1921061;0;2;33749;
2061866;0;1;3415;
1386281;0;3;279;
2434090;0;3;22000;
3719269;0;1;2827;
3543078;0;2;30452;
3543081;0;0;17229;
458793;0;0;8539;
856681;-1181946479;3;20235;
2965545;-1540775026;2;38581;
1211498;0;1;49740;
1339944;-752583836;3;16821;
2001444;0;3;24747;
811109;0;3;21731;
2053226;0;0;2031;
995370;-7513237;3;132609;
3545124;942641396;3;367723;
3727909;0;1;2266;
3851305;0;3;26672;
3890856;0;3;32527;
2748453;0;2;26778;
2555433;0;2;46645;
3751018;0;1;27182;
3551849;0;0;22457;
3525158;0;2;50;
3282981;0;3;2541;
3268709;0;1;6770;
3375784;0;1;3416;
61541;0;0;46338;
4003370;0;2;16402;
4003368;0;1;5752;
2573866;0;1;33945;
3954724;876760480;3;21086;
3842661;0;3;40350;
2725481;0;1;9535;
1463848;0;3;9492;
2863209;0;1;31249;
1660964;0;3;33338;
2573857;0;2;121542;
1660966;0;2;17504;
3639909;0;1;57217;
643233;0;3;2120;
1163306;0;0;17306;
1163302;0;1;3437;
3014757;0;2;26920;
918118;0;2;3434;
420453;1955361939;2;6071;
4011114;0;1;24053;
2291242;0;1;24068;
3551912;0;3;21693;
757801;0;2;60167;
2855466;0;3;13299;
3509802;0;0;38998;
2441833;0;0;17701;
2703973;950122200;0;49588;
3309240;0;3;11403;
3712550;0;2;260;
344169;0;3;7296;
2174058;0;3;33028;
4124200;0;3;30489;
2159146;0;3;24175;
907301;0;0;40907;
3283046;0;1;8894;
2725416;0;1;19162;
628838;145045232;0;4052;
1339493;0;1;8142;
616550;-695557086;0;19111;
352869;0;2;14109;
2863138;0;0;37111;
3639844;0;0;46269;
3639846;0;2;46268;
1542181;0;3;34281;
3758693;0;1;48067;
3014697;0;1;36319;
3261033;0;2;14911;
1056296;0;1;40574;
4133416;0;0;16019;
1720425;1144469916;2;277636;
1914410;0;3;11141;
1228901;5674821;0;17923;
3569192;0;3;14048;
3428389;0;0;39792;
757857;0;1;2262;
344105;0;0;48;
3766308;0;0;49413;
440422;0;0;33654;
3482730;0;3;21085;
1507429;0;0;12344;
2608681;0;1;38998;
1714278;0;0;36319;
1691689;0;1;38414;
872553;0;3;34542;
4175908;0;3;30720;
872549;0;3;25692;
1823850;0;2;34492;
267818;0;3;22814;
2503206;0;2;6777;
3474984;0;1;17502;
267810;0;2;22000;
3612713;0;0;254;
405546;0;2;21040;
3797097;0;1;21544;
1273384;0;3;35714;
3218981;-73998090;1;25287;
2070630;0;1;20104;
1224809;0;1;4974;
3322473;0;3;16053;
2977830;0;2;3906;
1087082;0;3;23096;
238181;0;0;24503;
713834;0;1;40746;
1374314;0;2;16384;
2373162;0;0;24330;
2373161;0;1;2262;
3789413;0;0;25321;
2832422;0;2;41869;
1386022;0;1;2827;
2484326;0;2;10899;
2832418;0;3;41869;
4175974;0;1;17501;
3313769;0;1;24745;
1956010;0;3;34571;
3237924;0;2;38021;
2327141;0;1;51171;
4089385;0;0;31498;
4175978;0;3;24629;
1956004;0;0;19845;
872485;0;3;20784;
3797033;0;2;50;
706085;0;2;31499;
2977898;0;3;39465;
2070565;0;2;13840;
952869;0;2;40917;
3230309;0;0;44089;
881253;0;2;2262;
3322406;0;0;2265;
3612200;1211670768;3;32526;
1224741;0;1;10613;
2484390;0;2;21086;
2608810;0;2;24498;
3498022;0;3;17228;
3911781;0;1;9138;
3577958;0;0;38658;
124450;923831898;3;121642;
2388521;0;0;20241;
2831914;1197981822;1;162095;
3829288;0;3;47461;
3829289;0;2;47098;
3092521;0;1;17228;
995882;0;3;17948;
857126;0;2;36136;
4053605;0;2;178159;
1247270;0;0;14048;
3344932;0;2;32796;
2220138;0;3;2274;
1836586;0;2;1557;
2220133;0;3;23735;
2954792;0;1;37626;
3207781;0;1;48112;
513065;-1129537338;2;4111;
1392741;0;1;16391;
2520681;0;0;39402;
283237;0;2;22315;
1351208;0;1;41988;
3904040;0;0;13300;
3904041;0;0;47757;
2379882;0;2;34568;
2598949;0;0;12345;
987241;0;2;42603;
255522;0;3;28349;
2104426;0;3;15149;
987242;0;1;29907;
114730;0;2;2583;
1844330;0;1;7421;
1984166;0;2;18767;
1844329;0;3;7110;
2212385;0;1;15827;
3084901;0;1;11412;
3773992;0;2;19766;
2574185;0;1;17203;
1524842;0;1;28217;
3498085;0;1;7151;
1524841;0;2;9139;
493605;0;1;18261;
1731690;0;2;7785;
3911722;0;0;24998;
1815082;0;1;13564;
2934821;0;3;21238;
838182;0;0;9535;
995945;0;0;3337;
4053541;0;0;50218;
872617;0;1;29685;
3921572;0;0;47461;
3904101;0;1;7151;
2785381;0;0;43635;
1392680;0;3;24630;
1806442;0;3;50913;
2520613;0;3;4829;
2379817;0;0;18445;
3904105;0;1;18073;
2379816;0;0;29213;
2717733;0;3;23112;
3352614;0;1;12896;
2212457;0;2;20898;
4063273;0;2;36320;
3214888;0;1;49508;
3199081;0;1;9659;
114785;0;3;39582;
3339881;0;2;32628;
2352233;0;1;27353;
